USER ID,Income,Age,Age Interval,Customer_Days,Estado_Civil,marital_Divorced,marital_Married,marital_Single,marital_Together,marital_Widow,education_2n Cycle,education_Basic,education_Graduation,education_Master,education_PhD,Kidhome,Teenhome,Recency,MntWines,Wines Inverval,MntFruits,MntMeatProducts,MntFishProducts,MntSweetProducts,MntGoldProds,NumDealsPurchases,NumWebPurchases,NumCatalogPurchases,NumStorePurchases,NumWebVisitsMonth,Complain,Response,AcceptedCmpOverall,AcceptedCmp3,AcceptedCmp4,AcceptedCmp5,AcceptedCmp1,AcceptedCmp2,Z_CostContact,Z_Revenue,MntRegularProds,MntTotal,,,,,,
1468,"R$ 87.679,00",32,30-40,2496,Juntos,0,0,0,1,0,0,0,1,0,0,0,0,62,"R$ 1.259,00",1251-R$1500,172,815,97,148,33,1,7,11,10,4,0,1,3,1,0,1,1,0,3,11,"R$ 2.458,00","R$ 2.491,00",,,,,,
1160,"R$ 90.638,00",29,20-30,2295,Solteiro,0,0,1,0,0,0,0,0,1,0,0,0,29,"R$ 1.156,00",1001-R$1250,120,915,94,144,96,1,3,4,10,1,0,0,1,0,0,1,0,0,3,11,"R$ 2.333,00","R$ 2.429,00",,,,,Objetivo,Ajudar o marketing a melhorar os resultados da próxima campanha
1548,"R$ 90.638,00",29,20-30,2295,Solteiro,0,0,1,0,0,0,0,0,1,0,0,0,29,"R$ 1.156,00",1001-R$1250,120,915,94,144,96,1,3,4,10,1,0,1,1,0,0,1,0,0,3,11,"R$ 2.333,00","R$ 2.429,00",,CLIENTE,,,  ,
968,"R$ 75.759,00",51,50-60,2406,Casado,0,1,0,0,0,0,0,1,0,0,0,0,46,"R$ 1.394,00",1251-R$1500,22,708,89,91,182,1,9,7,9,5,0,1,3,1,0,1,1,0,3,11,"R$ 2.122,00","R$ 2.304,00",,2205,,,,
1434,"R$ 93.790,00",50,40-50,2296,Solteiro,0,0,1,0,0,0,0,1,0,0,0,0,16,"R$ 1.302,00",1251-R$1500,68,731,89,114,45,0,6,7,12,2,0,1,3,0,1,1,1,0,3,11,"R$ 2.259,00","R$ 2.304,00",,20%,441,,,Caracteristica Cliente
1033,"R$ 69.098,00",71,70-80,2657,Casado,0,1,0,0,0,0,0,0,0,1,0,0,82,"R$ 1.315,00",1251-R$1500,22,780,145,0,178,1,7,8,9,5,0,0,0,0,0,0,0,0,3,11,"R$ 2.084,00","R$ 2.262,00",,80%,1764,,,Caracteristica produto
1577,"R$ 90.226,00",64,60-70,2800,Casado,0,1,0,0,0,0,0,0,1,0,0,0,26,"R$ 1.083,00",1001-R$1250,108,649,253,151,108,1,4,7,12,2,0,0,1,0,0,0,1,0,3,11,"R$ 2.136,00","R$ 2.244,00",,100%,2205,,,Caracteristica Compras
1724,"R$ 80.360,00",71,70-80,2642,Casado,0,1,0,0,0,0,0,0,0,1,0,0,56,"R$ 1.493,00",1251-R$1500,86,454,112,43,43,2,4,4,5,2,0,0,3,0,1,1,1,0,3,11,"R$ 2.145,00","R$ 2.188,00",,,,,,Caracteristica de Marketing
1967,"R$ 91.712,00",73,70-80,2414,Solteiro,0,0,1,0,0,0,0,0,1,0,0,0,47,"R$ 1.276,00",1251-R$1500,24,746,94,29,48,0,9,7,11,3,0,1,1,0,0,1,0,0,3,11,"R$ 2.121,00","R$ 2.169,00",,,,,,Caracteristica Interesses
72,"R$ 75.825,00",44,40-50,2784,Solteiro,0,0,1,0,0,0,0,1,0,0,0,0,40,"R$ 1.032,00",1001-R$1250,105,779,137,105,51,0,5,8,9,4,0,1,1,1,0,0,0,0,3,11,"R$ 2.107,00","R$ 2.158,00",,,,,,
1420,"R$ 82.657,00",74,70-80,2434,Juntos,0,0,0,1,0,0,0,1,0,0,0,0,71,"R$ 966,00",751-R$1000,168,672,246,105,126,1,7,5,10,4,0,0,2,0,1,0,1,0,3,11,"R$ 2.031,00","R$ 2.157,00",,,,,,
1240,"R$ 76.653,00",51,50-60,2476,Juntos,0,0,0,1,0,0,0,1,0,0,0,0,91,"R$ 736,00",501-R$750,63,946,219,189,126,1,4,7,11,2,0,0,2,0,0,1,1,0,3,11,"R$ 2.027,00","R$ 2.153,00",,,,,,
1269,"R$ 83.151,00",48,40-50,2663,Casado,0,1,0,0,0,0,0,0,1,0,0,0,80,"R$ 968,00",751-R$1000,147,842,137,42,210,1,5,7,10,2,0,1,3,1,0,1,1,0,3,11,"R$ 1.926,00","R$ 2.136,00",,,,,,
924,"R$ 94.384,00",67,60-70,2641,Juntos,0,0,0,1,0,0,0,1,0,0,0,0,62,"R$ 1.111,00",1001-R$1250,24,790,160,45,172,0,5,8,5,2,0,1,3,0,1,1,1,0,3,11,"R$ 1.958,00","R$ 2.130,00",,,,,,
1281,"R$ 94.384,00",67,60-70,2641,Juntos,0,0,0,1,0,0,0,1,0,0,0,0,62,"R$ 1.111,00",1001-R$1250,24,790,160,45,172,0,5,8,5,2,0,1,3,0,1,1,1,0,3,11,"R$ 1.958,00","R$ 2.130,00",,,,,,
627,"R$ 77.632,00",73,70-80,2635,Juntos,0,0,0,1,0,0,0,0,1,0,0,0,73,"R$ 1.200,00",1001-R$1250,105,758,0,42,147,1,4,2,6,2,0,1,2,0,1,1,0,0,3,11,"R$ 1.958,00","R$ 2.105,00",,,,,,
408,"R$ 93.027,00",79,70-80,2601,Casado,0,1,0,0,0,0,0,0,0,1,0,0,77,"R$ 1.285,00",1251-R$1500,42,716,55,0,21,0,7,10,5,2,0,0,1,0,0,1,0,0,3,11,"R$ 2.077,00","R$ 2.098,00",,,,,,
344,"R$ 78.618,00",63,60-70,2798,Casado,0,1,0,0,0,0,0,1,0,0,0,0,87,"R$ 736,00",501-R$750,163,818,212,163,61,1,4,7,10,2,0,0,1,0,1,0,0,0,3,11,"R$ 2.031,00","R$ 2.092,00",,,,,,
1928,"R$ 72.335,00",44,40-50,2844,Juntos,0,0,0,1,0,0,0,0,0,1,0,0,2,"R$ 1.285,00",1251-R$1500,105,653,28,21,0,1,10,4,8,8,0,1,0,0,0,0,0,0,3,11,"R$ 2.092,00","R$ 2.092,00",,,,,,
668,"R$ 86.857,00",48,40-50,2814,Solteiro,0,0,1,0,0,0,0,0,0,1,0,0,96,"R$ 899,00",751-R$1000,102,838,133,102,40,1,5,6,10,2,0,1,0,0,0,0,0,0,3,11,"R$ 2.034,00","R$ 2.074,00",,,,,,
865,"R$ 86.857,00",48,40-50,2814,Solteiro,0,0,1,0,0,0,0,0,0,1,0,0,96,"R$ 899,00",751-R$1000,102,838,133,102,40,1,5,6,10,2,0,1,0,0,0,0,0,0,3,11,"R$ 2.034,00","R$ 2.074,00",,,,,,
1844,"R$ 82.326,00",43,40-50,2270,Juntos,0,0,0,1,0,1,0,0,0,0,0,0,30,"R$ 938,00",751-R$1000,142,754,159,81,183,1,5,10,6,2,0,1,3,0,1,1,1,0,3,11,"R$ 1.891,00","R$ 2.074,00",,,,,,
227,"R$ 73.455,00",52,50-60,2403,Viúvo,0,0,0,0,1,0,0,1,0,0,0,0,98,"R$ 901,00",751-R$1000,61,757,186,163,20,1,6,5,10,3,0,0,1,0,1,0,0,0,3,11,"R$ 2.048,00","R$ 2.068,00",,,,,,
1957,"R$ 94.642,00",69,60-70,2296,Casado,0,1,0,0,0,0,0,1,0,0,0,0,35,"R$ 879,00",751-R$1000,143,797,106,143,143,0,5,7,9,1,0,0,2,0,0,1,1,0,3,11,"R$ 1.925,00","R$ 2.068,00",,,,,,
575,"R$ 92.163,00",45,40-50,2723,Casado,0,1,0,0,0,0,0,0,1,0,0,0,25,"R$ 817,00",751-R$1000,183,797,106,163,20,0,5,11,5,2,0,1,2,0,0,1,1,0,3,11,"R$ 2.046,00","R$ 2.066,00",,,,,,
499,"R$ 81.169,00",45,40-50,2600,Solteiro,0,0,1,0,0,0,0,0,1,0,0,0,47,"R$ 1.288,00",1251-R$1500,20,613,80,61,27,1,5,7,9,2,0,0,0,0,0,0,0,0,3,11,"R$ 2.035,00","R$ 2.062,00",,,,,,
130,"R$ 92.859,00",28,20-30,2777,Solteiro,0,0,1,0,0,0,0,0,1,0,0,0,46,"R$ 962,00",751-R$1000,61,921,52,61,20,1,5,4,12,2,0,0,0,0,0,0,0,0,3,11,"R$ 2.037,00","R$ 2.057,00",,,,,,
1685,"R$ 83.512,00",34,30-40,2171,Casado,0,1,0,0,0,0,0,1,0,0,0,0,31,"R$ 1.060,00",1001-R$1250,61,835,80,20,101,1,4,7,10,1,0,1,4,1,0,1,1,1,3,11,"R$ 1.955,00","R$ 2.056,00",,,,,,
1647,"R$ 80.141,00",34,30-40,2693,Casado,0,1,0,0,0,0,0,0,1,0,0,0,20,"R$ 1.184,00",1001-R$1250,102,673,52,40,40,1,7,4,10,6,0,1,1,0,0,1,0,0,3,11,"R$ 2.011,00","R$ 2.051,00",,,,,,
991,"R$ 77.568,00",41,40-50,2832,Juntos,0,0,0,1,0,0,0,1,0,0,0,1,30,"R$ 1.230,00",1001-R$1250,0,396,232,178,158,1,10,2,8,5,0,0,3,0,1,1,1,0,3,11,"R$ 1.878,00","R$ 2.036,00",,,,,,
1696,"R$ 92.491,00",37,30-40,2583,Casado,0,1,0,0,0,0,0,0,0,1,0,0,71,"R$ 979,00",751-R$1000,44,935,29,25,22,1,7,5,12,3,0,1,3,0,1,1,1,0,3,11,"R$ 1.990,00","R$ 2.012,00",,,,,,
1056,"R$ 88.347,00",59,50-60,2520,Juntos,0,0,0,1,0,0,0,1,0,0,0,0,32,"R$ 1.050,00",1001-R$1250,178,555,77,138,118,1,4,7,9,1,0,0,1,0,0,0,1,0,3,11,"R$ 1.880,00","R$ 1.998,00",,,,,,
440,"R$ 89.572,00",54,50-60,2811,Solteiro,0,0,1,0,0,1,0,0,0,0,0,0,44,"R$ 606,00",501-R$750,24,974,197,194,64,1,7,7,9,4,0,1,2,0,1,0,1,0,3,11,"R$ 1.931,00","R$ 1.995,00",,,,,,
1194,"R$ 74.918,00",51,50-60,2633,Juntos,0,0,0,1,0,0,0,1,0,0,0,0,78,"R$ 972,00",751-R$1000,59,913,25,19,59,1,5,9,6,3,0,0,1,0,0,1,0,0,3,11,"R$ 1.929,00","R$ 1.988,00",,,,,,
2078,"R$ 82.332,00",59,50-60,2809,Solteiro,0,0,1,0,0,0,0,1,0,0,0,0,89,"R$ 830,00",751-R$1000,59,968,51,79,19,1,5,3,12,2,0,1,1,0,0,1,0,0,3,11,"R$ 1.968,00","R$ 1.987,00",,,,,,
1115,"R$ 72.903,00",35,30-40,2402,Solteiro,0,0,1,0,0,0,0,1,0,0,0,0,74,"R$ 1.067,00",1001-R$1250,138,750,0,19,39,1,7,5,8,4,0,1,3,0,1,1,1,0,3,11,"R$ 1.935,00","R$ 1.974,00",,,,,,
633,"R$ 98.777,00",60,50-60,2291,Solteiro,0,0,1,0,0,0,0,0,1,0,0,0,23,"R$ 1.000,00",751-R$1000,19,711,125,115,38,0,4,6,9,1,0,0,1,0,1,0,0,0,3,11,"R$ 1.932,00","R$ 1.970,00",,,,,,
1094,"R$ 98.777,00",60,50-60,2291,Solteiro,0,0,1,0,0,0,0,0,1,0,0,0,23,"R$ 1.000,00",751-R$1000,19,711,125,115,38,0,4,6,9,1,0,0,1,0,1,0,0,0,3,11,"R$ 1.932,00","R$ 1.970,00",,,,,,
895,"R$ 95.529,00",26,20-30,2732,Solteiro,0,0,1,0,0,0,0,1,0,0,0,0,29,"R$ 770,00",751-R$1000,29,890,250,27,24,1,7,3,7,3,0,1,1,0,0,1,0,0,3,11,"R$ 1.942,00","R$ 1.966,00",,,,,,
663,"R$ 68.743,00",53,50-60,2827,Divorciado,1,0,0,0,0,0,0,1,0,0,0,0,81,"R$ 1.132,00",1001-R$1250,134,384,175,134,115,1,11,5,13,7,0,0,0,0,0,0,0,0,3,11,"R$ 1.844,00","R$ 1.959,00",,,,,,
474,"R$ 78.952,00",62,60-70,2802,Juntos,0,0,0,1,0,0,0,0,0,1,0,1,11,"R$ 1.170,00",1001-R$1250,19,594,99,76,134,2,2,5,12,6,0,0,0,0,0,0,0,0,3,11,"R$ 1.824,00","R$ 1.958,00",,,,,,
235,"R$ 67.546,00",32,30-40,2826,Casado,0,1,0,0,0,0,0,0,0,1,0,0,90,"R$ 864,00",751-R$1000,134,768,150,38,172,1,4,10,5,3,0,0,0,0,0,0,0,0,3,11,"R$ 1.782,00","R$ 1.954,00",,,,,,
1065,"R$ 75.345,00",50,40-50,2671,Solteiro,0,0,1,0,0,0,0,0,1,0,0,0,16,"R$ 918,00",751-R$1000,57,842,99,38,133,1,5,8,6,3,0,1,1,0,0,0,1,0,3,11,"R$ 1.821,00","R$ 1.954,00",,,,,,
1865,"R$ 67.546,00",32,30-40,2826,Casado,0,1,0,0,0,0,0,0,0,1,0,0,90,"R$ 864,00",751-R$1000,134,768,150,38,172,1,4,10,5,3,0,0,0,0,0,0,0,0,3,11,"R$ 1.782,00","R$ 1.954,00",,,,,,
1012,"R$ 91.700,00",49,40-50,2687,Solteiro,0,0,1,0,0,0,0,1,0,0,0,0,58,"R$ 576,00",501-R$750,172,961,125,115,19,1,8,6,5,3,0,1,0,0,0,0,0,0,3,11,"R$ 1.930,00","R$ 1.949,00",,,,,,
2100,"R$ 72.309,00",44,40-50,2634,Solteiro,0,0,1,0,0,0,0,0,1,0,0,0,64,"R$ 960,00",751-R$1000,0,883,50,38,0,1,5,6,8,3,0,1,1,0,0,0,1,0,3,11,"R$ 1.931,00","R$ 1.931,00",,,,,,
543,"R$ 87.771,00",61,60-70,2562,Juntos,0,0,0,1,0,0,0,1,0,0,0,1,61,"R$ 1.492,00",1251-R$1500,38,287,50,57,33,1,5,10,4,6,0,1,4,0,1,1,1,1,3,11,"R$ 1.891,00","R$ 1.924,00",,,,,,
805,"R$ 87.771,00",61,60-70,2562,Juntos,0,0,0,1,0,0,0,1,0,0,0,1,61,"R$ 1.492,00",1251-R$1500,38,287,50,57,33,1,5,10,4,6,0,1,4,0,1,1,1,1,3,11,"R$ 1.891,00","R$ 1.924,00",,,,,,
1071,"R$ 85.844,00",47,40-50,2190,Casado,0,1,0,0,0,0,0,0,0,1,0,0,62,"R$ 938,00",751-R$1000,19,843,25,95,38,1,6,6,7,2,0,0,1,0,0,1,0,0,3,11,"R$ 1.882,00","R$ 1.920,00",,,,,,
1987,"R$ 96.876,00",43,40-50,2486,Juntos,0,0,0,1,0,0,0,1,0,0,0,0,79,"R$ 908,00",751-R$1000,43,735,40,194,21,1,7,7,9,2,0,1,3,0,1,1,1,0,3,11,"R$ 1.899,00","R$ 1.920,00",,,,,,
527,"R$ 84.169,00",38,30-40,2485,Casado,0,1,0,0,0,0,0,0,0,1,0,0,9,"R$ 1.478,00",1251-R$1500,19,403,0,19,0,1,7,6,6,3,0,1,2,0,1,1,0,0,3,11,"R$ 1.919,00","R$ 1.919,00",,,,,,
898,"R$ 84.169,00",38,30-40,2485,Casado,0,1,0,0,0,0,0,0,0,1,0,0,9,"R$ 1.478,00",1251-R$1500,19,403,0,19,0,1,7,6,6,3,0,1,2,0,1,1,0,0,3,11,"R$ 1.919,00","R$ 1.919,00",,,,,,
1866,"R$ 88.420,00",31,30-40,2217,Juntos,0,0,0,1,0,0,0,0,1,0,0,0,87,"R$ 957,00",751-R$1000,153,612,99,95,153,1,4,7,8,1,0,0,3,1,0,1,1,0,3,11,"R$ 1.763,00","R$ 1.916,00",,,,,,
2143,"R$ 79.174,00",45,40-50,2693,Casado,0,1,0,0,0,0,0,0,0,1,0,0,2,"R$ 1.074,00",1001-R$1250,37,518,193,92,129,1,5,6,7,2,0,1,2,0,0,1,1,0,3,11,"R$ 1.785,00","R$ 1.914,00",,,,,,
1965,"R$ 72.968,00",57,50-60,2354,Divorciado,1,0,0,0,0,0,0,0,0,1,0,0,8,"R$ 1.092,00",1001-R$1250,37,592,145,37,55,1,5,5,8,3,0,1,1,0,0,0,1,0,3,11,"R$ 1.848,00","R$ 1.903,00",,,,,,
503,"R$ 80.184,00",76,70-80,2279,Casado,0,1,0,0,0,0,0,0,1,0,0,0,19,"R$ 1.035,00",1001-R$1250,134,670,25,38,0,1,6,3,10,3,0,0,2,0,0,1,1,0,3,11,"R$ 1.902,00","R$ 1.902,00",,,,,,
1338,"R$ 80.695,00",57,50-60,2341,Solteiro,0,0,1,0,0,0,0,1,0,0,0,0,85,"R$ 557,00",501-R$750,129,984,193,37,18,1,5,8,5,2,0,0,0,0,0,0,0,0,3,11,"R$ 1.882,00","R$ 1.900,00",,,,,,
957,"R$ 82.576,00",61,60-70,2856,Juntos,0,0,0,1,0,0,0,0,1,0,0,0,66,"R$ 1.206,00",1001-R$1250,55,445,168,18,18,1,2,4,12,1,0,0,1,0,0,1,0,0,3,11,"R$ 1.874,00","R$ 1.892,00",,,,,,
866,"R$ 82.072,00",50,40-50,2521,Juntos,0,0,0,1,0,0,0,0,0,1,0,0,67,"R$ 889,00",751-R$1000,55,685,168,92,129,1,3,2,13,1,0,0,0,0,0,0,0,0,3,11,"R$ 1.760,00","R$ 1.889,00",,,,,,
1261,"R$ 78.687,00",37,30-40,2848,Juntos,0,0,0,1,0,0,0,1,0,0,0,0,13,"R$ 817,00",751-R$1000,185,687,145,55,241,1,4,6,8,2,0,1,1,0,0,1,0,0,3,11,"R$ 1.648,00","R$ 1.889,00",,,,,,
908,"R$ 74.116,00",38,30-40,2340,Solteiro,0,0,1,0,0,1,0,0,0,0,0,0,53,"R$ 871,00",751-R$1000,111,704,145,55,166,1,4,4,10,2,0,0,1,0,1,0,0,0,3,11,"R$ 1.720,00","R$ 1.886,00",,,,,,
1776,"R$ 75.702,00",46,40-50,2782,Juntos,0,0,0,1,0,0,0,1,0,0,0,1,87,"R$ 1.073,00",1001-R$1250,0,629,145,37,37,1,10,5,13,6,0,0,1,0,0,1,0,0,3,11,"R$ 1.847,00","R$ 1.884,00",,,,,,
982,"R$ 95.169,00",33,30-40,2422,Solteiro,0,0,1,0,0,0,0,0,0,1,0,0,1,"R$ 1.285,00",1251-R$1500,21,449,106,20,20,1,4,3,4,1,0,1,2,0,0,1,1,0,3,11,"R$ 1.861,00","R$ 1.881,00",,,,,,
1697,"R$ 90.273,00",29,20-30,2356,Solteiro,0,0,1,0,0,0,0,1,0,0,0,0,32,"R$ 704,00",501-R$750,129,853,120,74,111,1,5,6,7,2,0,1,3,0,1,1,1,0,3,11,"R$ 1.769,00","R$ 1.880,00",,,,,,
826,"R$ 81.205,00",50,40-50,2326,Juntos,0,0,0,1,0,0,0,1,0,0,0,0,43,"R$ 724,00",501-R$750,74,929,97,55,130,1,5,6,7,2,0,1,3,1,0,1,0,1,3,11,"R$ 1.749,00","R$ 1.879,00",,,,,,
71,"R$ 75.251,00",48,40-50,2830,Casado,0,1,0,0,0,0,0,0,1,0,0,0,34,"R$ 721,00",501-R$750,111,925,97,18,18,1,7,6,5,5,0,1,0,0,0,0,0,0,3,11,"R$ 1.854,00","R$ 1.872,00",,,,,,
1114,"R$ 85.606,00",44,40-50,2753,Juntos,0,0,0,1,0,0,0,1,0,0,0,1,89,"R$ 717,00",501-R$750,42,864,219,30,84,2,6,7,9,3,0,0,1,0,0,0,1,0,3,11,"R$ 1.788,00","R$ 1.872,00",,,,,,
967,"R$ 82.170,00",42,40-50,2375,Casado,0,1,0,0,0,0,0,0,0,1,0,0,13,"R$ 1.023,00",1001-R$1250,93,651,49,55,37,1,5,6,7,2,0,0,0,0,0,0,0,0,3,11,"R$ 1.834,00","R$ 1.871,00",,,,,,
497,"R$ 89.120,00",61,60-70,2263,Juntos,0,0,0,1,0,0,0,0,1,0,0,0,78,"R$ 1.168,00",1001-R$1250,92,408,72,129,55,1,5,6,7,1,0,0,1,0,0,1,0,0,3,11,"R$ 1.814,00","R$ 1.869,00",,,,,,
1496,"R$ 87.188,00",37,30-40,2550,Solteiro,0,0,1,0,0,0,0,0,0,1,0,0,73,"R$ 910,00",751-R$1000,111,724,49,74,55,1,10,2,6,3,0,1,0,0,0,0,0,0,3,11,"R$ 1.813,00","R$ 1.868,00",,,,,,
2067,"R$ 81.929,00",44,40-50,2797,Casado,0,1,0,0,0,0,0,0,1,0,1,0,60,"R$ 1.486,00",1251-R$1500,55,278,49,0,185,2,4,4,10,6,0,1,2,1,0,1,0,0,3,11,"R$ 1.683,00","R$ 1.868,00",,,,,,
1081,"R$ 83.829,00",45,40-50,2423,Divorciado,1,0,0,0,0,0,0,1,0,0,0,0,78,"R$ 897,00",751-R$1000,161,430,186,161,27,0,4,7,6,1,0,1,3,1,0,1,1,0,3,11,"R$ 1.808,00","R$ 1.835,00",,,,,,
1246,"R$ 83.829,00",45,40-50,2423,Divorciado,1,0,0,0,0,0,0,1,0,0,0,0,78,"R$ 897,00",751-R$1000,161,430,186,161,27,0,4,7,6,1,0,1,3,1,0,1,1,0,3,11,"R$ 1.808,00","R$ 1.835,00",,,,,,
164,"R$ 80.427,00",45,40-50,2814,Casado,0,1,0,0,0,0,0,0,0,1,0,1,56,"R$ 1.149,00",1001-R$1250,71,449,69,71,26,1,11,8,8,5,0,0,0,0,0,0,0,0,3,11,"R$ 1.783,00","R$ 1.809,00",,,,,,
610,"R$ 70.971,00",60,50-60,2805,Juntos,0,0,0,1,0,0,0,1,0,0,0,1,28,"R$ 1.001,00",1001-R$1250,17,572,93,125,17,7,11,11,5,7,0,1,0,0,0,0,0,0,3,11,"R$ 1.791,00","R$ 1.808,00",,,,,,
2096,"R$ 82.333,00",34,30-40,2615,Casado,0,1,0,0,0,0,0,0,0,1,0,0,60,"R$ 1.311,00",1251-R$1500,0,359,46,89,17,1,4,3,10,2,0,1,1,0,0,1,0,0,3,11,"R$ 1.788,00","R$ 1.805,00",,,,,,
1464,"R$ 76.998,00",65,60-70,2693,Casado,0,1,0,0,0,0,0,1,0,0,0,1,85,"R$ 1.449,00",1251-R$1500,89,161,69,35,107,2,11,8,8,6,0,0,1,0,0,1,0,0,3,11,"R$ 1.696,00","R$ 1.803,00",,,,,,
481,"R$ 78.642,00",49,40-50,2593,Juntos,0,0,0,1,0,0,0,0,0,1,0,1,83,"R$ 1.396,00",1251-R$1500,0,322,46,35,17,1,4,9,4,6,0,0,0,0,0,0,0,0,3,11,"R$ 1.782,00","R$ 1.799,00",,,,,,
1553,"R$ 81.574,00",73,70-80,2221,Juntos,0,0,0,1,0,0,0,0,0,1,0,0,89,"R$ 1.252,00",1251-R$1500,0,465,46,35,0,1,4,5,8,1,0,0,2,0,1,1,0,0,3,11,"R$ 1.798,00","R$ 1.798,00",,,,,,
1855,"R$ 70.643,00",36,30-40,2781,Casado,0,1,0,0,0,0,0,0,0,1,0,0,66,"R$ 1.218,00",1001-R$1250,107,304,23,143,33,1,5,8,4,6,0,1,0,0,0,0,0,0,3,11,"R$ 1.762,00","R$ 1.795,00",,,,,,
918,"R$ 67.536,00",50,40-50,2562,Casado,0,1,0,0,0,0,0,0,0,1,0,1,45,"R$ 1.253,00",1251-R$1500,0,447,23,71,35,3,11,5,11,8,0,0,1,0,0,0,1,0,3,11,"R$ 1.759,00","R$ 1.794,00",,,,,,
1419,"R$ 78.427,00",72,70-80,2772,Viúvo,0,0,0,0,1,0,0,0,1,0,0,0,36,"R$ 972,00",751-R$1000,19,595,180,26,138,3,3,7,10,3,0,1,1,0,0,0,1,0,3,11,"R$ 1.654,00","R$ 1.792,00",,,,,,
801,"R$ 76.412,00",40,30-40,2579,Solteiro,0,0,1,0,0,0,0,0,0,1,0,0,15,"R$ 840,00",751-R$1000,53,804,23,71,17,1,5,4,8,3,0,1,2,0,0,1,1,0,3,11,"R$ 1.774,00","R$ 1.791,00",,,,,,
833,"R$ 82.347,00",63,60-70,2759,Casado,0,1,0,0,0,1,0,0,0,0,0,0,38,"R$ 556,00",501-R$750,54,845,202,133,63,1,7,7,10,3,0,0,2,1,0,0,1,0,3,11,"R$ 1.727,00","R$ 1.790,00",,,,,,
2144,"R$ 81.380,00",53,50-60,2713,Divorciado,1,0,0,0,0,0,0,0,1,0,0,0,51,"R$ 741,00",501-R$750,68,689,224,68,103,1,4,2,10,2,0,0,0,0,0,0,0,0,3,11,"R$ 1.687,00","R$ 1.790,00",,,,,,
2161,"R$ 82.347,00",63,60-70,2759,Casado,0,1,0,0,0,1,0,0,0,0,0,0,38,"R$ 556,00",501-R$750,54,845,202,133,63,1,7,7,10,3,0,1,2,1,0,0,1,0,3,11,"R$ 1.727,00","R$ 1.790,00",,,,,,
1985,"R$ 71.964,00",62,60-70,2564,Divorciado,1,0,0,0,0,0,0,1,0,0,0,0,81,"R$ 587,00",501-R$750,51,932,180,34,86,1,5,6,5,3,0,0,0,0,0,0,0,0,3,11,"R$ 1.698,00","R$ 1.784,00",,,,,,
747,"R$ 74.985,00",43,40-50,2815,Casado,0,1,0,0,0,0,0,1,0,0,0,0,8,"R$ 587,00",501-R$750,51,898,247,0,86,1,3,6,7,2,0,0,0,0,0,0,0,0,3,11,"R$ 1.697,00","R$ 1.783,00",,,,,,
1362,"R$ 92.344,00",72,70-80,2324,Casado,0,1,0,0,0,0,0,1,0,0,0,0,9,"R$ 992,00",751-R$1000,24,694,51,19,119,0,5,10,5,1,0,0,2,1,0,1,0,0,3,11,"R$ 1.661,00","R$ 1.780,00",,,,,,
512,"R$ 61.839,00",56,50-60,2845,Solteiro,0,0,1,0,0,0,0,1,0,0,0,0,20,"R$ 1.000,00",751-R$1000,155,379,224,17,120,1,4,8,4,8,0,0,0,0,0,0,0,0,3,11,"R$ 1.655,00","R$ 1.775,00",,,,,,
52,"R$ 82.384,00",65,60-70,2746,Juntos,0,0,0,1,0,0,0,0,1,0,0,0,55,"R$ 984,00",751-R$1000,51,432,180,120,190,1,3,10,13,1,0,1,1,0,0,1,0,0,3,11,"R$ 1.577,00","R$ 1.767,00",,,,,,
1243,"R$ 73.450,00",38,30-40,2365,Juntos,0,0,0,1,0,0,0,0,1,0,0,0,85,"R$ 1.142,00",1001-R$1250,51,415,90,69,37,1,7,8,11,3,0,0,2,1,0,0,1,0,3,11,"R$ 1.730,00","R$ 1.767,00",,,,,,
410,"R$ 92.910,00",34,30-40,2225,Casado,0,1,0,0,0,0,0,1,0,0,0,0,42,"R$ 551,00",501-R$750,137,792,179,103,33,1,6,7,13,1,0,0,3,0,1,1,1,0,3,11,"R$ 1.729,00","R$ 1.762,00",,,,,,
1784,"R$ 63.159,00",46,40-50,2760,Solteiro,0,0,1,0,0,0,0,0,0,1,0,0,74,"R$ 965,00",751-R$1000,34,586,89,86,37,1,3,5,8,3,0,0,1,1,0,0,0,0,3,11,"R$ 1.723,00","R$ 1.760,00",,,,,,
1634,"R$ 72.066,00",39,30-40,2165,Solteiro,0,0,1,0,0,0,0,1,0,0,0,0,55,"R$ 1.003,00",1001-R$1250,34,536,134,51,34,1,4,6,6,2,0,1,2,0,0,1,1,0,3,11,"R$ 1.724,00","R$ 1.758,00",,,,,,
971,"R$ 85.683,00",66,60-70,2259,Divorciado,1,0,0,0,0,0,0,1,0,0,0,0,6,"R$ 1.296,00",1251-R$1500,17,311,45,69,51,1,2,4,10,1,0,1,4,0,1,1,1,1,3,11,"R$ 1.687,00","R$ 1.738,00",,,,,,
216,"R$ 79.930,00",48,40-50,2849,Casado,0,1,0,0,0,0,0,0,0,1,0,0,72,"R$ 792,00",751-R$1000,86,740,67,51,17,1,3,5,8,2,0,0,0,0,0,0,0,0,3,11,"R$ 1.719,00","R$ 1.736,00",,,,,,
103,"R$ 68.126,00",29,20-30,2755,Solteiro,0,0,1,0,0,0,0,0,0,1,0,0,40,"R$ 1.332,00",1251-R$1500,17,311,23,51,86,1,7,4,5,9,0,1,1,0,1,0,0,0,3,11,"R$ 1.648,00","R$ 1.734,00",,,,,,
21,"R$ 2.447,00",41,40-50,2698,Casado,0,1,0,0,0,0,0,1,0,0,1,0,42,"R$ 1,00",0-R$250,1,1725,1,1,1,15,0,28,0,1,0,0,0,0,0,0,0,0,3,11,"R$ 1.728,00","R$ 1.729,00",,,,,,
905,"R$ 83.033,00",34,30-40,2201,Juntos,0,0,0,1,0,0,0,1,0,0,1,0,82,"R$ 812,00",751-R$1000,99,431,237,149,33,1,11,4,10,5,0,0,1,0,0,0,1,0,3,11,"R$ 1.695,00","R$ 1.728,00",,,,,,
1242,"R$ 90.687,00",37,30-40,2562,Divorciado,1,0,0,0,0,0,0,0,0,1,0,0,98,"R$ 982,00",751-R$1000,17,672,23,34,51,1,6,2,8,2,0,1,1,0,0,1,0,0,3,11,"R$ 1.677,00","R$ 1.728,00",,,,,,
851,"R$ 70.123,00",37,30-40,2433,Juntos,0,0,0,1,0,0,0,0,0,1,0,0,27,"R$ 1.308,00",1251-R$1500,0,396,23,0,0,1,5,7,4,3,0,0,2,0,1,0,0,1,3,11,"R$ 1.727,00","R$ 1.727,00",,,,,,
450,"R$ 75.261,00",65,60-70,2591,Juntos,0,0,0,1,0,0,0,0,0,1,0,0,17,"R$ 1.239,00",1001-R$1250,17,413,23,34,17,1,5,6,5,2,0,1,2,0,1,1,0,0,3,11,"R$ 1.709,00","R$ 1.726,00",,,,,,
1134,"R$ 83.145,00",46,40-50,2804,Juntos,0,0,0,1,0,0,0,1,0,0,0,0,14,"R$ 777,00",751-R$1000,35,731,39,137,114,1,5,9,11,2,0,1,1,0,0,1,0,0,3,11,"R$ 1.605,00","R$ 1.719,00",,,,,,
279,"R$ 82.497,00",40,30-40,2765,Casado,0,1,0,0,0,0,0,1,0,0,0,0,32,"R$ 777,00",751-R$1000,129,573,216,21,203,1,2,7,9,4,0,0,1,0,0,1,0,0,3,11,"R$ 1.513,00","R$ 1.716,00",,,,,,
734,"R$ 80.952,00",51,50-60,2645,Casado,0,1,0,0,0,0,0,1,0,0,0,0,20,"R$ 778,00",751-R$1000,178,689,41,27,44,1,8,5,11,8,0,1,3,0,1,1,1,0,3,11,"R$ 1.669,00","R$ 1.713,00",,,,,,
1171,"R$ 78.579,00",50,40-50,2713,Divorciado,1,0,0,0,0,0,0,0,1,0,0,0,35,"R$ 816,00",751-R$1000,66,549,216,66,99,1,5,6,4,3,0,1,0,0,0,0,0,0,3,11,"R$ 1.614,00","R$ 1.713,00",,,,,,
118,"R$ 79.607,00",36,30-40,2593,Solteiro,0,0,1,0,0,0,0,1,0,0,0,0,37,"R$ 450,00",251-R$500,133,951,173,0,216,1,3,6,6,1,0,1,0,0,0,0,0,0,3,11,"R$ 1.491,00","R$ 1.707,00",,,,,,
1898,"R$ 77.598,00",77,70-80,2430,Solteiro,0,0,1,0,0,0,0,0,1,0,0,0,53,"R$ 1.193,00",1001-R$1250,33,281,129,66,33,1,7,5,13,3,0,0,1,0,0,1,0,0,3,11,"R$ 1.669,00","R$ 1.702,00",,,,,,
352,"R$ 72.025,00",58,50-60,2748,Juntos,0,0,0,1,0,0,0,1,0,0,0,0,27,"R$ 833,00",751-R$1000,33,549,151,133,233,1,4,3,8,3,0,0,0,0,0,0,0,0,3,11,"R$ 1.466,00","R$ 1.699,00",,,,,,
704,"R$ 72.190,00",55,50-60,2660,Casado,0,1,0,0,0,0,0,1,0,0,0,0,79,"R$ 597,00",501-R$750,166,597,172,166,249,1,5,6,4,3,0,0,0,0,0,0,0,0,3,11,"R$ 1.449,00","R$ 1.698,00",,,,,,
947,"R$ 92.955,00",47,40-50,2473,Casado,0,1,0,0,0,0,0,1,0,0,0,0,35,"R$ 693,00",501-R$750,21,925,31,24,84,1,6,7,9,2,0,1,2,0,0,1,1,0,3,11,"R$ 1.610,00","R$ 1.694,00",,,,,,
108,"R$ 90.765,00",50,40-50,2315,Casado,0,1,0,0,0,0,0,1,0,0,0,0,25,"R$ 547,00",501-R$750,99,812,151,82,33,0,4,6,5,1,0,0,2,0,0,1,1,0,3,11,"R$ 1.658,00","R$ 1.691,00",,,,,,
1940,"R$ 74.485,00",73,70-80,2468,Juntos,0,0,0,1,0,0,0,1,0,0,0,0,58,"R$ 499,00",251-R$500,149,815,173,49,49,1,6,7,12,3,0,0,0,0,0,0,0,0,3,11,"R$ 1.636,00","R$ 1.685,00",,,,,,
476,"R$ 76.005,00",65,60-70,2651,Juntos,0,0,0,1,0,0,0,1,0,0,0,0,72,"R$ 983,00",751-R$1000,20,389,240,50,40,1,3,5,13,6,0,0,1,0,0,0,1,0,3,11,"R$ 1.642,00","R$ 1.682,00",,,,,,
1888,"R$ 77.870,00",53,50-60,2835,Casado,0,1,0,0,0,0,0,1,0,0,0,1,93,"R$ 1.017,00",1001-R$1250,50,500,65,50,133,3,5,5,5,8,0,1,2,0,1,0,1,0,3,11,"R$ 1.549,00","R$ 1.682,00",,,,,,
374,"R$ 90.300,00",41,40-50,2336,Juntos,0,0,0,1,0,0,0,1,0,0,0,0,7,"R$ 594,00",501-R$750,134,786,33,134,57,0,5,6,8,1,0,0,1,0,0,1,0,0,3,11,"R$ 1.624,00","R$ 1.681,00",,,,,,
1153,"R$ 74.214,00",30,20-30,2831,Casado,0,1,0,0,0,0,0,0,0,1,0,0,3,"R$ 863,00",751-R$1000,83,547,86,99,33,1,8,2,5,5,0,0,0,0,0,0,0,0,3,11,"R$ 1.645,00","R$ 1.678,00",,,,,,
716,"R$ 72.025,00",71,70-80,2220,Casado,0,1,0,0,0,0,0,1,0,0,0,0,46,"R$ 967,00",751-R$1000,0,617,43,50,0,1,4,8,13,2,0,1,3,0,1,1,1,0,3,11,"R$ 1.677,00","R$ 1.677,00",,,,,,
1048,"R$ 64.176,00",55,50-60,2854,Divorciado,1,0,0,0,0,1,0,0,0,0,0,1,52,"R$ 1.215,00",1001-R$1250,33,249,64,116,149,8,8,9,8,6,0,0,0,0,0,0,0,0,3,11,"R$ 1.528,00","R$ 1.677,00",,,,,,
1968,"R$ 94.472,00",62,60-70,2246,Solteiro,0,0,1,0,0,0,0,1,0,0,0,1,75,"R$ 1.017,00",1001-R$1250,33,417,108,100,16,1,5,5,5,5,0,0,2,0,1,1,0,0,3,11,"R$ 1.659,00","R$ 1.675,00",,,,,,
151,"R$ 70.356,00",75,70-80,2760,Casado,0,1,0,0,0,0,0,0,0,1,0,0,20,"R$ 1.349,00",1251-R$1500,16,249,43,16,33,2,10,6,9,6,0,0,0,0,0,0,0,0,3,11,"R$ 1.640,00","R$ 1.673,00",,,,,,
28,"R$ 84.618,00",55,50-60,2378,Casado,0,1,0,0,0,0,0,0,0,1,0,0,96,"R$ 684,00",501-R$750,100,801,21,66,0,1,6,9,10,2,0,0,1,0,0,1,0,0,3,11,"R$ 1.672,00","R$ 1.672,00",,,,,,
414,"R$ 84.865,00",59,50-60,2575,Solteiro,0,0,1,0,0,0,0,0,0,1,0,0,1,"R$ 1.248,00",1001-R$1250,16,349,43,16,16,1,2,4,9,4,0,1,4,0,1,1,1,1,3,11,"R$ 1.656,00","R$ 1.672,00",,,,,,
1187,"R$ 84.618,00",55,50-60,2378,Casado,0,1,0,0,0,0,0,0,0,1,0,0,96,"R$ 684,00",501-R$750,100,801,21,66,0,1,6,9,10,2,0,0,1,0,0,1,0,0,3,11,"R$ 1.672,00","R$ 1.672,00",,,,,,
1661,"R$ 78.789,00",40,30-40,2849,Divorciado,1,0,0,0,0,0,0,0,1,0,0,0,12,"R$ 667,00",501-R$750,50,850,21,83,83,1,4,6,5,2,0,1,0,0,0,0,0,0,3,11,"R$ 1.588,00","R$ 1.671,00",,,,,,
1862,"R$ 86.979,00",49,40-50,2393,Divorciado,1,0,0,0,0,0,0,0,0,1,0,0,67,"R$ 584,00",501-R$750,100,835,65,83,35,1,5,5,5,2,0,1,1,1,0,0,0,0,3,11,"R$ 1.632,00","R$ 1.667,00",,,,,,
2040,"R$ 77.610,00",68,60-70,2767,Casado,0,1,0,0,0,0,0,0,0,1,0,1,70,"R$ 1.245,00",1001-R$1250,33,332,21,33,16,2,4,7,4,7,0,0,0,0,0,0,0,0,3,11,"R$ 1.648,00","R$ 1.664,00",,,,,,
48,"R$ 79.143,00",56,50-60,2846,Casado,0,1,0,0,0,0,0,0,1,0,0,0,2,"R$ 650,00",501-R$750,37,780,27,167,32,1,6,9,13,3,0,0,0,0,0,0,0,0,3,11,"R$ 1.629,00","R$ 1.661,00",,,,,,
507,"R$ 70.503,00",67,60-70,2796,Casado,0,1,0,0,0,0,0,1,0,0,0,0,73,"R$ 1.379,00",1251-R$1500,33,216,0,33,66,1,2,4,9,6,0,0,2,0,1,1,0,0,3,11,"R$ 1.595,00","R$ 1.661,00",,,,,,
541,"R$ 79.908,00",38,30-40,2609,Casado,0,1,0,0,0,0,0,1,0,0,0,0,30,"R$ 557,00",501-R$750,129,761,29,185,111,1,5,6,7,2,0,0,1,0,0,1,0,0,3,11,"R$ 1.550,00","R$ 1.661,00",,,,,,
2119,"R$ 69.209,00",48,40-50,2809,Casado,0,1,0,0,0,0,0,1,0,0,0,0,4,"R$ 496,00",251-R$500,32,849,229,48,128,2,5,3,6,4,0,0,1,0,0,0,1,0,3,11,"R$ 1.526,00","R$ 1.654,00",,,,,,
1897,"R$ 91.249,00",64,60-70,2776,Solteiro,0,0,1,0,0,0,0,1,0,0,0,0,84,"R$ 1.324,00",1251-R$1500,27,119,71,108,27,0,7,9,6,4,0,1,4,0,1,1,1,1,3,11,"R$ 1.622,00","R$ 1.649,00",,,,,,
1588,"R$ 64.509,00",30,20-30,2475,Solteiro,0,0,1,0,0,0,0,1,0,0,0,0,19,"R$ 836,00",751-R$1000,185,575,24,25,77,1,6,3,9,4,0,1,1,1,0,0,0,0,3,11,"R$ 1.568,00","R$ 1.645,00",,,,,,
856,"R$ 80.812,00",67,60-70,2444,Juntos,0,0,0,1,0,0,0,1,0,0,0,0,95,"R$ 769,00",751-R$1000,22,500,210,143,33,1,4,8,5,2,0,0,3,1,0,1,1,0,3,11,"R$ 1.611,00","R$ 1.644,00",,,,,,
570,"R$ 79.800,00",65,60-70,2803,Viúvo,0,0,0,0,1,0,0,1,0,0,0,0,65,"R$ 1.060,00",1001-R$1250,21,530,32,0,224,1,5,11,5,3,0,1,3,1,0,1,1,0,3,11,"R$ 1.419,00","R$ 1.643,00",,,,,,
1279,"R$ 78.569,00",74,70-80,2289,Casado,0,1,0,0,0,0,0,1,0,0,0,0,14,"R$ 558,00",501-R$750,79,622,207,175,95,1,4,6,4,1,0,1,1,0,0,1,0,0,3,11,"R$ 1.546,00","R$ 1.641,00",,,,,,
900,"R$ 74.637,00",66,60-70,2566,Solteiro,0,0,1,0,0,0,0,0,0,1,0,0,73,"R$ 960,00",751-R$1000,64,464,146,0,16,1,6,9,9,3,0,0,1,0,0,0,1,0,3,11,"R$ 1.618,00","R$ 1.634,00",,,,,,
1565,"R$ 75.794,00",33,30-40,2346,Casado,0,1,0,0,0,0,0,1,0,0,0,0,33,"R$ 754,00",751-R$1000,160,625,63,32,48,1,7,5,12,3,0,0,1,0,0,0,1,0,3,11,"R$ 1.586,00","R$ 1.634,00",,,,,,
2158,"R$ 89.616,00",37,30-40,2648,Solteiro,0,0,1,0,0,0,0,0,1,0,0,0,36,"R$ 671,00",501-R$750,47,655,145,111,15,1,7,5,12,2,0,1,0,0,0,0,0,0,3,11,"R$ 1.614,00","R$ 1.629,00",,,,,,
1107,"R$ 86.358,00",54,50-60,2849,Solteiro,0,0,1,0,0,0,0,1,0,0,1,1,78,"R$ 957,00",751-R$1000,47,494,82,47,95,4,5,3,6,8,0,0,0,0,0,0,0,0,3,11,"R$ 1.532,00","R$ 1.627,00",,,,,,
341,"R$ 68.462,00",51,50-60,2723,Casado,0,1,0,0,0,0,0,0,0,1,0,0,6,"R$ 561,00",501-R$750,64,785,84,128,48,1,3,3,8,1,0,0,0,0,0,0,0,0,3,11,"R$ 1.574,00","R$ 1.622,00",,,,,,
1989,"R$ 68.281,00",62,60-70,2850,Solteiro,0,0,1,0,0,0,0,1,0,0,0,0,31,"R$ 995,00",751-R$1000,112,417,42,48,41,1,2,9,13,5,0,1,0,0,0,0,0,0,3,11,"R$ 1.573,00","R$ 1.614,00",,,,,,
197,"R$ 64.497,00",66,60-70,2816,Divorciado,1,0,0,0,0,0,0,1,0,0,0,1,17,"R$ 1.170,00",1001-R$1250,48,320,42,32,192,5,11,4,9,8,0,1,1,1,0,0,0,0,3,11,"R$ 1.420,00","R$ 1.612,00",,,,,,
233,"R$ 80.134,00",48,40-50,2564,Casado,0,1,0,0,0,0,0,1,0,0,1,0,40,"R$ 1.218,00",1001-R$1250,16,272,104,0,80,2,5,3,6,6,0,1,3,0,1,1,1,0,3,11,"R$ 1.530,00","R$ 1.610,00",,,,,,
1387,"R$ 80.134,00",48,40-50,2564,Casado,0,1,0,0,0,0,0,1,0,0,1,0,40,"R$ 1.218,00",1001-R$1250,16,272,104,0,80,2,5,3,6,6,0,1,3,0,1,1,1,0,3,11,"R$ 1.530,00","R$ 1.610,00",,,,,,
1504,"R$ 74.004,00",33,30-40,2284,Solteiro,0,0,1,0,0,0,0,0,0,1,0,0,5,"R$ 784,00",751-R$1000,48,560,42,176,48,1,4,6,4,3,0,1,2,0,0,1,1,0,3,11,"R$ 1.562,00","R$ 1.610,00",,,,,,
1698,"R$ 82.571,00",58,50-60,2247,Viúvo,0,0,0,0,1,0,0,0,0,1,0,0,28,"R$ 861,00",751-R$1000,31,558,62,95,79,0,6,5,13,2,0,0,1,0,0,1,0,0,3,11,"R$ 1.528,00","R$ 1.607,00",,,,,,
18,"R$ 76.995,00",71,70-80,2617,Casado,0,1,0,0,0,0,0,0,1,0,0,1,91,"R$ 1.012,00",1001-R$1250,80,498,0,16,176,2,11,4,9,5,0,0,1,0,0,0,1,0,3,11,"R$ 1.430,00","R$ 1.606,00",,,,,,
1872,"R$ 90.933,00",66,60-70,2249,Solteiro,0,0,1,0,0,0,0,0,0,1,0,0,90,"R$ 1.020,00",1001-R$1250,31,430,62,63,79,1,4,6,4,1,0,0,1,0,0,1,0,0,3,11,"R$ 1.527,00","R$ 1.606,00",,,,,,
1936,"R$ 71.670,00",58,50-60,2514,Viúvo,0,0,0,0,1,0,0,0,0,1,0,0,8,"R$ 1.462,00",1251-R$1500,16,128,0,0,160,1,5,3,6,6,0,1,3,0,1,1,0,1,3,11,"R$ 1.446,00","R$ 1.606,00",,,,,,
684,"R$ 90.247,00",32,30-40,2220,Solteiro,0,0,1,0,0,0,0,0,1,0,0,0,27,"R$ 1.184,00",1001-R$1250,32,352,21,16,16,1,3,4,7,1,0,1,3,0,1,1,1,0,3,11,"R$ 1.589,00","R$ 1.605,00",,,,,,
807,"R$ 93.404,00",66,60-70,2577,Casado,0,1,0,0,0,0,0,1,0,0,1,2,97,"R$ 1.279,00",1251-R$1500,15,287,20,0,15,3,3,4,7,5,0,0,2,0,1,1,0,0,3,11,"R$ 1.586,00","R$ 1.601,00",,,,,,
1462,"R$ 79.419,00",50,40-50,2166,Juntos,0,0,0,1,0,0,0,0,1,0,0,0,96,"R$ 751,00",751-R$1000,127,687,20,15,31,1,4,6,4,2,0,0,0,0,0,0,0,0,3,11,"R$ 1.569,00","R$ 1.600,00",,,,,,
205,"R$ 83.790,00",72,70-80,2385,Casado,0,1,0,0,0,0,0,0,1,0,0,0,81,"R$ 1.076,00",1001-R$1250,16,417,42,48,16,1,8,10,6,3,0,0,2,0,1,1,0,0,3,11,"R$ 1.583,00","R$ 1.599,00",,,,,,
1674,"R$ 73.705,00",69,60-70,2275,Viúvo,0,0,0,0,1,0,0,0,1,0,0,2,86,"R$ 612,00",501-R$750,91,520,258,107,107,2,9,6,8,5,0,0,0,0,0,0,0,0,3,11,"R$ 1.481,00","R$ 1.588,00",,,,,,
2014,"R$ 61.416,00",38,30-40,2665,Juntos,0,0,0,1,0,0,0,1,0,0,0,0,25,"R$ 848,00",751-R$1000,154,323,201,61,78,1,10,3,10,6,0,0,1,1,0,0,0,0,3,11,"R$ 1.509,00","R$ 1.587,00",,,,,,
2031,"R$ 71.128,00",47,40-50,2790,Divorciado,1,0,0,0,0,0,0,1,0,0,1,0,80,"R$ 958,00",751-R$1000,159,447,20,0,31,3,2,10,12,7,0,0,0,0,0,0,0,0,3,11,"R$ 1.553,00","R$ 1.584,00",,,,,,
878,"R$ 78.331,00",62,60-70,2316,Divorciado,1,0,0,0,0,0,0,1,0,0,0,1,97,"R$ 756,00",751-R$1000,138,354,160,169,61,2,10,6,7,4,0,0,0,0,0,0,0,0,3,11,"R$ 1.516,00","R$ 1.577,00",,,,,,
1688,"R$ 80.398,00",54,50-60,2755,Casado,0,1,0,0,0,0,0,1,0,0,0,0,92,"R$ 342,00",251-R$500,51,936,207,35,26,1,5,8,12,3,0,0,1,0,0,1,0,0,3,11,"R$ 1.545,00","R$ 1.571,00",,,,,,
1783,"R$ 90.369,00",64,60-70,2221,Casado,0,1,0,0,0,0,0,1,0,0,0,0,2,"R$ 292,00",251-R$500,51,981,224,23,17,1,4,6,6,1,0,1,0,0,0,0,0,0,3,11,"R$ 1.554,00","R$ 1.571,00",,,,,,
2179,"R$ 88.325,00",39,30-40,2303,Juntos,0,0,0,1,0,0,0,1,0,0,0,0,42,"R$ 519,00",501-R$750,71,860,93,27,53,1,6,2,9,2,0,0,0,0,0,0,0,0,3,11,"R$ 1.517,00","R$ 1.570,00",,,,,,
177,"R$ 74.068,00",44,40-50,2626,Casado,0,1,0,0,0,0,0,1,0,0,0,0,14,"R$ 783,00",751-R$1000,30,537,140,76,15,1,4,10,9,2,0,0,0,0,0,0,0,0,3,11,"R$ 1.551,00","R$ 1.566,00",,,,,,
779,"R$ 73.926,00",47,40-50,2643,Juntos,0,0,0,1,0,0,0,1,0,0,0,0,54,"R$ 627,00",501-R$750,91,597,159,91,15,1,6,5,12,3,0,0,0,0,0,0,0,0,3,11,"R$ 1.550,00","R$ 1.565,00",,,,,,
219,"R$ 81.975,00",58,50-60,2699,Divorciado,1,0,0,0,0,1,0,0,0,0,0,1,2,"R$ 983,00",751-R$1000,76,184,180,138,27,1,6,3,4,7,0,0,1,0,0,1,0,0,3,11,"R$ 1.534,00","R$ 1.561,00",,,,,,
613,"R$ 69.084,00",50,40-50,2381,Casado,0,1,0,0,0,0,0,0,0,1,1,0,43,"R$ 1.181,00",1001-R$1250,107,199,39,30,30,2,7,3,13,8,0,0,0,0,0,0,0,0,3,11,"R$ 1.526,00","R$ 1.556,00",,,,,,
1643,"R$ 69.084,00",50,40-50,2381,Casado,0,1,0,0,0,0,0,0,0,1,1,0,43,"R$ 1.181,00",1001-R$1250,107,199,39,30,30,2,7,3,13,8,0,0,0,0,0,0,0,0,3,11,"R$ 1.526,00","R$ 1.556,00",,,,,,
1218,"R$ 84.906,00",48,40-50,2427,Juntos,0,0,0,1,0,0,0,1,0,0,0,0,98,"R$ 997,00",751-R$1000,15,414,99,30,76,1,5,6,12,2,0,0,3,0,1,1,0,1,3,11,"R$ 1.479,00","R$ 1.555,00",,,,,,
2094,"R$ 84.906,00",48,40-50,2427,Juntos,0,0,0,1,0,0,0,1,0,0,0,0,98,"R$ 997,00",751-R$1000,15,414,99,30,76,1,5,6,12,2,0,0,3,0,1,1,0,1,3,11,"R$ 1.479,00","R$ 1.555,00",,,,,,
530,"R$ 85.620,00",56,50-60,2332,Viúvo,0,0,0,0,1,0,0,1,0,0,0,0,68,"R$ 416,00",251-R$500,46,925,60,107,46,1,3,6,4,1,0,1,0,0,0,0,0,0,3,11,"R$ 1.508,00","R$ 1.554,00",,,,,,
379,"R$ 68.682,00",29,20-30,2425,Juntos,0,0,0,1,0,0,0,0,0,1,0,0,56,"R$ 919,00",751-R$1000,0,505,99,30,45,1,4,9,10,2,0,0,0,0,0,0,0,0,3,11,"R$ 1.508,00","R$ 1.553,00",,,,,,
1199,"R$ 68.682,00",29,20-30,2425,Juntos,0,0,0,1,0,0,0,0,0,1,0,0,56,"R$ 919,00",751-R$1000,0,505,99,30,45,1,4,9,10,2,0,0,0,0,0,0,0,0,3,11,"R$ 1.508,00","R$ 1.553,00",,,,,,
323,"R$ 83.003,00",55,50-60,2642,Juntos,0,0,0,1,0,0,0,1,0,0,0,0,18,"R$ 856,00",751-R$1000,61,570,40,25,122,1,7,6,8,3,0,1,1,0,0,1,0,0,3,11,"R$ 1.430,00","R$ 1.552,00",,,,,,
771,"R$ 62.847,00",75,70-80,2689,Juntos,0,0,0,1,0,0,0,0,1,0,0,0,45,"R$ 521,00",501-R$750,168,706,80,76,61,1,3,6,4,2,0,0,0,0,0,0,0,0,3,11,"R$ 1.490,00","R$ 1.551,00",,,,,,
1488,"R$ 73.538,00",55,50-60,2740,Casado,0,1,0,0,0,0,0,1,0,0,0,1,92,"R$ 811,00",751-R$1000,76,428,99,137,107,3,10,4,9,7,0,0,0,0,0,0,0,0,3,11,"R$ 1.444,00","R$ 1.551,00",,,,,,
1646,"R$ 86.610,00",69,60-70,2456,Juntos,0,0,0,1,0,0,0,1,0,0,0,0,66,"R$ 446,00",251-R$500,107,768,33,196,53,1,5,6,6,2,0,0,0,0,0,0,0,0,3,11,"R$ 1.497,00","R$ 1.550,00",,,,,,
1854,"R$ 70.300,00",45,40-50,2508,Divorciado,1,0,0,0,0,0,0,1,0,0,1,0,89,"R$ 1.045,00",1001-R$1250,61,338,60,46,46,3,5,5,13,8,0,0,0,0,0,0,0,0,3,11,"R$ 1.504,00","R$ 1.550,00",,,,,,
185,"R$ 80.067,00",66,60-70,2442,Casado,0,1,0,0,0,0,0,1,0,0,0,0,82,"R$ 519,00",501-R$750,17,813,27,173,51,1,4,6,6,2,0,0,1,0,0,1,0,0,3,11,"R$ 1.498,00","R$ 1.549,00",,,,,,
955,"R$ 80.573,00",49,40-50,2782,Juntos,0,0,0,1,0,0,0,0,1,0,0,0,85,"R$ 829,00",751-R$1000,138,430,60,92,15,1,4,6,13,2,0,0,0,0,0,0,0,0,3,11,"R$ 1.534,00","R$ 1.549,00",,,,,,
1887,"R$ 80.573,00",49,40-50,2782,Juntos,0,0,0,1,0,0,0,0,1,0,0,0,85,"R$ 829,00",751-R$1000,138,430,60,92,15,1,4,6,13,2,0,0,0,0,0,0,0,0,3,11,"R$ 1.534,00","R$ 1.549,00",,,,,,
2128,"R$ 60.896,00",56,50-60,2785,Casado,0,1,0,0,0,0,0,0,0,1,0,1,90,"R$ 1.013,00",1001-R$1250,30,399,60,46,153,3,9,10,4,6,0,1,0,0,0,0,0,0,3,11,"R$ 1.395,00","R$ 1.548,00",,,,,,
1828,"R$ 64.260,00",59,50-60,2693,Juntos,0,0,0,1,0,0,0,1,0,0,0,0,1,"R$ 539,00",501-R$750,169,816,20,0,30,1,4,5,4,3,0,1,0,0,0,0,0,0,3,11,"R$ 1.514,00","R$ 1.544,00",,,,,,
806,"R$ 78.353,00",61,60-70,2598,Divorciado,1,0,0,0,0,1,0,0,0,0,0,1,51,"R$ 752,00",751-R$1000,122,476,39,153,34,1,10,2,11,8,0,0,0,0,0,0,0,0,3,11,"R$ 1.508,00","R$ 1.542,00",,,,,,
1803,"R$ 80.739,00",62,60-70,2561,Casado,0,1,0,0,0,0,0,0,1,0,0,0,92,"R$ 674,00",501-R$750,92,736,39,0,92,1,3,11,9,1,0,0,0,0,0,0,0,0,3,11,"R$ 1.449,00","R$ 1.541,00",,,,,,
2155,"R$ 84.117,00",64,60-70,2208,Casado,0,1,0,0,0,0,0,0,0,1,0,0,60,"R$ 611,00",501-R$750,76,749,59,45,26,1,7,10,6,2,0,0,1,0,0,1,0,0,3,11,"R$ 1.514,00","R$ 1.540,00",,,,,,
1617,"R$ 64.140,00",56,50-60,2438,Divorciado,1,0,0,0,0,0,0,0,0,1,0,2,71,"R$ 1.459,00",1251-R$1500,0,61,0,15,215,5,2,5,6,5,0,1,3,1,0,1,0,1,3,11,"R$ 1.320,00","R$ 1.535,00",,,,,,
545,"R$ 81.741,00",40,30-40,2537,Solteiro,0,0,1,0,0,0,0,1,0,0,0,0,75,"R$ 249,00",0-R$250,153,940,58,134,38,0,6,6,7,2,0,0,0,0,0,0,0,0,3,11,"R$ 1.496,00","R$ 1.534,00",,,,,,
1,"R$ 58.138,00",63,60-70,2822,Solteiro,0,0,1,0,0,0,0,1,0,0,0,0,58,"R$ 635,00",501-R$750,88,546,172,88,88,3,8,10,4,7,0,1,0,0,0,0,0,0,3,11,"R$ 1.441,00","R$ 1.529,00",,,,,,
1933,"R$ 96.843,00",30,20-30,2591,Solteiro,0,0,1,0,0,0,0,1,0,0,0,0,60,"R$ 448,00",251-R$500,71,951,40,17,17,1,6,11,10,2,0,1,1,0,0,1,0,0,3,11,"R$ 1.510,00","R$ 1.527,00",,,,,,
629,"R$ 105.471,00",50,40-50,2683,Juntos,0,0,0,1,0,0,0,1,0,0,0,0,36,"R$ 1.009,00",1001-R$1250,181,104,202,21,207,0,9,8,13,3,0,1,2,0,0,1,1,0,3,11,"R$ 1.310,00","R$ 1.517,00",,,,,,
2023,"R$ 76.467,00",50,40-50,2840,Solteiro,0,0,1,0,0,0,0,1,0,0,1,0,44,"R$ 676,00",501-R$750,161,426,210,44,58,2,2,5,5,6,0,1,0,0,0,0,0,0,3,11,"R$ 1.459,00","R$ 1.517,00",,,,,,
617,"R$ 83.917,00",47,40-50,2596,Solteiro,0,0,1,0,0,0,0,1,0,0,0,0,12,"R$ 514,00",501-R$750,22,732,42,198,79,1,6,7,7,3,0,1,0,0,0,0,0,0,3,11,"R$ 1.429,00","R$ 1.508,00",,,,,,
1833,"R$ 70.116,00",48,40-50,2678,Casado,0,1,0,0,0,0,0,0,0,1,0,0,73,"R$ 707,00",501-R$750,44,603,95,58,29,1,2,8,12,1,0,0,0,0,0,0,0,0,3,11,"R$ 1.478,00","R$ 1.507,00",,,,,,
1300,"R$ 81.843,00",60,50-60,2592,Casado,0,1,0,0,0,0,0,0,1,0,0,0,13,"R$ 779,00",751-R$1000,86,537,34,69,138,1,5,9,12,3,0,0,0,0,0,0,0,0,3,11,"R$ 1.367,00","R$ 1.505,00",,,,,,
1047,"R$ 83.528,00",28,20-30,2218,Solteiro,0,0,1,0,0,0,0,1,0,0,0,0,7,"R$ 530,00",501-R$750,117,678,134,44,147,1,4,10,8,1,0,1,2,1,0,0,1,0,3,11,"R$ 1.356,00","R$ 1.503,00",,,,,,
1233,"R$ 77.766,00",53,50-60,2651,Casado,0,1,0,0,0,0,0,0,0,1,0,1,97,"R$ 1.004,00",1001-R$1250,59,265,115,59,27,2,11,10,11,6,0,1,1,1,0,0,0,0,3,11,"R$ 1.475,00","R$ 1.502,00",,,,,,
1644,"R$ 77.766,00",53,50-60,2651,Casado,0,1,0,0,0,0,0,0,0,1,0,1,97,"R$ 1.004,00",1001-R$1250,59,265,115,59,27,2,11,10,11,6,0,1,1,1,0,0,0,0,3,11,"R$ 1.475,00","R$ 1.502,00",,,,,,
324,"R$ 68.655,00",32,30-40,2847,Solteiro,0,0,1,0,0,0,0,1,0,0,0,0,95,"R$ 456,00",251-R$500,19,832,75,118,38,1,4,5,11,3,0,0,0,0,0,0,0,0,3,11,"R$ 1.462,00","R$ 1.500,00",,,,,,
1586,"R$ 68.655,00",32,30-40,2847,Solteiro,0,0,1,0,0,0,0,1,0,0,0,0,95,"R$ 456,00",251-R$500,19,832,75,118,38,1,4,5,11,3,0,0,0,0,0,0,0,0,3,11,"R$ 1.462,00","R$ 1.500,00",,,,,,
785,"R$ 48.192,00",62,60-70,2608,Casado,0,1,0,0,0,0,0,1,0,0,0,0,76,"R$ 1.039,00",1001-R$1250,43,204,153,58,29,3,2,8,12,8,0,1,3,0,1,0,1,1,3,11,"R$ 1.468,00","R$ 1.497,00",,,,,,
1291,"R$ 64.857,00",64,60-70,2742,Solteiro,0,0,1,0,0,0,0,0,1,0,0,0,78,"R$ 556,00",501-R$750,14,717,210,0,43,1,7,5,10,4,0,0,0,0,0,0,0,0,3,11,"R$ 1.454,00","R$ 1.497,00",,,,,,
1452,"R$ 64.857,00",64,60-70,2742,Solteiro,0,0,1,0,0,0,0,0,1,0,0,0,78,"R$ 556,00",501-R$750,14,717,210,0,43,1,7,5,10,4,0,0,0,0,0,0,0,0,3,11,"R$ 1.454,00","R$ 1.497,00",,,,,,
299,"R$ 70.893,00",44,40-50,2667,Solteiro,0,0,1,0,0,0,0,0,1,0,0,0,42,"R$ 768,00",751-R$1000,44,561,77,44,14,1,6,6,10,3,0,0,0,0,0,0,0,0,3,11,"R$ 1.480,00","R$ 1.494,00",,,,,,
977,"R$ 75.437,00",42,40-50,2391,Juntos,0,0,0,1,0,0,0,1,0,0,0,0,25,"R$ 795,00",751-R$1000,0,545,95,58,0,1,8,4,10,6,0,0,1,0,0,0,1,0,3,11,"R$ 1.493,00","R$ 1.493,00",,,,,,
1231,"R$ 69.969,00",55,50-60,2465,Casado,0,1,0,0,0,0,0,0,0,1,0,0,64,"R$ 882,00",751-R$1000,29,514,38,29,44,1,4,2,6,3,0,1,2,0,0,1,1,0,3,11,"R$ 1.448,00","R$ 1.492,00",,,,,,
2131,"R$ 74.859,00",71,70-80,2550,Viúvo,0,0,0,0,1,1,0,0,0,0,0,0,63,"R$ 570,00",501-R$750,73,614,133,102,73,1,6,5,11,3,0,0,1,0,0,0,1,0,3,11,"R$ 1.419,00","R$ 1.492,00",,,,,,
1710,"R$ 70.044,00",66,60-70,2655,Divorciado,1,0,0,0,0,0,0,1,0,0,0,1,46,"R$ 1.073,00",1001-R$1250,0,250,153,14,14,4,7,10,5,5,0,0,0,0,0,0,0,0,3,11,"R$ 1.476,00","R$ 1.490,00",,,,,,
65,"R$ 74.854,00",50,40-50,2606,Juntos,0,0,0,1,0,0,0,1,0,0,1,2,90,"R$ 856,00",751-R$1000,59,487,58,29,73,7,2,5,5,5,0,0,0,0,0,0,0,0,3,11,"R$ 1.416,00","R$ 1.489,00",,,,,,
257,"R$ 69.267,00",67,60-70,2804,Solteiro,0,0,1,0,0,0,0,1,0,0,0,0,31,"R$ 778,00",751-R$1000,44,499,95,73,146,2,3,4,5,7,0,1,0,0,0,0,0,0,3,11,"R$ 1.343,00","R$ 1.489,00",,,,,,
1287,"R$ 81.051,00",55,50-60,2196,Casado,0,1,0,0,0,0,0,0,0,1,0,0,43,"R$ 1.142,00",1001-R$1250,29,249,38,29,14,1,5,5,12,2,0,0,2,0,1,1,0,0,3,11,"R$ 1.473,00","R$ 1.487,00",,,,,,
1814,"R$ 57.333,00",66,60-70,2804,Divorciado,1,0,0,0,0,0,0,0,0,1,0,1,55,"R$ 941,00",751-R$1000,14,397,76,58,176,11,8,5,9,6,0,1,0,0,0,0,0,0,3,11,"R$ 1.310,00","R$ 1.486,00",,,,,,
1655,"R$ 70.440,00",42,40-50,2423,Juntos,0,0,0,1,0,0,0,1,0,0,0,0,49,"R$ 690,00",501-R$750,117,499,76,102,88,1,5,10,7,3,0,0,1,0,0,0,1,0,3,11,"R$ 1.396,00","R$ 1.484,00",,,,,,
125,"R$ 62.981,00",53,50-60,2628,Juntos,0,0,0,1,0,0,0,0,0,1,0,0,21,"R$ 796,00",751-R$1000,14,590,38,44,0,1,4,5,13,3,0,0,1,0,1,0,0,0,3,11,"R$ 1.482,00","R$ 1.482,00",,,,,,
1627,"R$ 82.014,00",59,50-60,2837,Solteiro,0,0,1,0,0,0,0,1,0,0,0,0,48,"R$ 980,00",751-R$1000,37,265,35,163,31,1,3,6,12,6,0,1,0,0,0,0,0,0,3,11,"R$ 1.449,00","R$ 1.480,00",,,,,,
505,"R$ 73.454,00",33,30-40,2279,Solteiro,0,0,1,0,0,0,0,0,1,0,0,0,95,"R$ 982,00",751-R$1000,73,351,56,14,175,1,2,4,6,5,0,0,1,1,0,0,0,0,3,11,"R$ 1.301,00","R$ 1.476,00",,,,,,
2056,"R$ 79.823,00",61,60-70,2249,Casado,0,1,0,0,0,0,0,1,0,0,0,1,6,"R$ 835,00",751-R$1000,73,380,114,73,43,1,6,9,7,2,0,0,1,0,1,0,0,0,3,11,"R$ 1.432,00","R$ 1.475,00",,,,,,
1305,"R$ 72.828,00",58,50-60,2659,Casado,0,1,0,0,0,0,0,0,1,0,0,1,17,"R$ 1.205,00",1001-R$1250,0,235,19,14,205,6,6,3,13,7,0,0,0,0,0,0,0,0,3,11,"R$ 1.268,00","R$ 1.473,00",,,,,,
396,"R$ 66.465,00",65,60-70,2615,Casado,0,1,0,0,0,0,0,0,0,1,0,1,1,"R$ 1.200,00",1001-R$1250,0,204,38,29,14,3,11,9,12,6,0,0,1,0,0,0,1,0,3,11,"R$ 1.457,00","R$ 1.471,00",,,,,,
1330,"R$ 76.542,00",64,60-70,2615,Juntos,0,0,0,1,0,0,0,0,0,1,0,0,91,"R$ 794,00",751-R$1000,73,573,0,29,14,1,4,8,10,2,0,0,0,0,0,0,0,0,3,11,"R$ 1.455,00","R$ 1.469,00",,,,,,
1686,"R$ 77.520,00",61,60-70,2464,Casado,0,1,0,0,0,0,0,0,1,0,0,1,30,"R$ 940,00",751-R$1000,44,396,0,88,58,1,8,7,7,4,0,1,3,1,0,1,1,0,3,11,"R$ 1.410,00","R$ 1.468,00",,,,,,
795,"R$ 91.820,00",34,30-40,2377,Juntos,0,0,0,1,0,0,0,0,0,1,0,0,72,"R$ 410,00",251-R$500,73,747,76,161,30,0,5,5,12,1,0,0,0,0,0,0,0,0,3,11,"R$ 1.437,00","R$ 1.467,00",,,,,,
1497,"R$ 69.930,00",49,40-50,2558,Juntos,0,0,0,1,0,0,0,1,0,0,0,0,21,"R$ 252,00",251-R$500,98,827,219,70,196,1,4,5,12,3,0,0,0,0,0,0,0,0,3,11,"R$ 1.270,00","R$ 1.466,00",,,,,,
1506,"R$ 57.036,00",45,40-50,2724,Casado,0,1,0,0,0,1,0,0,0,0,0,1,33,"R$ 1.171,00",1001-R$1250,43,219,19,14,47,4,6,3,13,9,0,0,1,1,0,0,0,0,3,11,"R$ 1.419,00","R$ 1.466,00",,,,,,
1428,"R$ 73.892,00",67,60-70,2387,Solteiro,0,0,1,0,0,0,0,1,0,0,0,0,40,"R$ 703,00",501-R$750,102,601,0,58,43,1,3,11,8,1,0,1,0,0,0,0,0,0,3,11,"R$ 1.421,00","R$ 1.464,00",,,,,,
236,"R$ 65.176,00",51,50-60,2767,Juntos,0,0,0,1,0,0,0,0,1,0,0,1,57,"R$ 960,00",751-R$1000,28,183,220,70,70,4,9,6,6,6,0,0,0,0,0,0,0,0,3,11,"R$ 1.391,00","R$ 1.461,00",,,,,,
1334,"R$ 69.109,00",38,30-40,2756,Casado,0,1,0,0,0,0,0,1,0,0,0,0,10,"R$ 823,00",751-R$1000,25,459,124,29,95,1,6,6,7,4,0,1,1,0,0,1,0,0,3,11,"R$ 1.365,00","R$ 1.460,00",,,,,,
1839,"R$ 69.109,00",38,30-40,2756,Casado,0,1,0,0,0,0,0,1,0,0,0,0,10,"R$ 823,00",751-R$1000,25,459,124,29,95,1,6,6,7,4,0,1,1,0,0,1,0,0,3,11,"R$ 1.365,00","R$ 1.460,00",,,,,,
275,"R$ 79.946,00",54,50-60,2207,Viúvo,0,0,0,0,1,0,0,1,0,0,0,0,19,"R$ 395,00",251-R$500,183,565,166,141,28,1,5,11,5,3,0,0,0,0,0,0,0,0,3,11,"R$ 1.422,00","R$ 1.450,00",,,,,,
230,"R$ 73.687,00",30,20-30,2372,Casado,0,1,0,0,0,0,0,1,0,0,0,0,8,"R$ 559,00",501-R$750,153,503,218,13,181,1,3,9,9,2,0,1,1,0,0,0,1,0,3,11,"R$ 1.265,00","R$ 1.446,00",,,,,,
818,"R$ 81.702,00",40,30-40,2803,Divorciado,1,0,0,0,0,0,0,1,0,0,0,0,98,"R$ 563,00",501-R$750,50,774,28,31,187,1,7,7,12,3,0,0,0,0,0,0,0,0,3,11,"R$ 1.259,00","R$ 1.446,00",,,,,,
1489,"R$ 79.529,00",34,30-40,2222,Casado,0,1,0,0,0,0,0,1,0,0,0,0,1,"R$ 423,00",251-R$500,42,706,73,197,197,1,4,8,9,2,0,0,0,0,0,0,0,0,3,11,"R$ 1.244,00","R$ 1.441,00",,,,,,
1011,"R$ 74.538,00",49,40-50,2524,Juntos,0,0,0,1,0,0,0,1,0,0,0,0,21,"R$ 380,00",251-R$500,98,733,110,112,28,1,8,8,5,3,0,1,1,0,0,1,0,0,3,11,"R$ 1.405,00","R$ 1.433,00",,,,,,
1788,"R$ 63.207,00",28,20-30,2684,Juntos,0,0,0,1,0,0,0,1,0,0,0,0,68,"R$ 438,00",251-R$500,169,565,91,169,70,1,2,3,6,7,0,0,1,0,0,0,1,0,3,11,"R$ 1.362,00","R$ 1.432,00",,,,,,
715,"R$ 89.694,00",47,40-50,2422,Divorciado,1,0,0,0,0,0,0,1,0,0,1,1,22,"R$ 1.126,00",1001-R$1250,28,211,37,28,42,3,4,3,4,5,0,0,3,0,1,1,1,0,3,11,"R$ 1.388,00","R$ 1.430,00",,,,,,
1445,"R$ 67.419,00",50,40-50,2688,Juntos,0,0,0,1,0,0,0,1,0,0,0,1,29,"R$ 846,00",751-R$1000,84,352,91,56,42,4,9,4,8,5,0,0,0,0,0,0,0,0,3,11,"R$ 1.387,00","R$ 1.429,00",,,,,,
1474,"R$ 71.706,00",61,60-70,2752,Juntos,0,0,0,1,0,0,0,1,0,0,0,1,16,"R$ 931,00",751-R$1000,56,253,91,98,14,4,9,5,7,5,0,0,0,0,0,0,0,0,3,11,"R$ 1.415,00","R$ 1.429,00",,,,,,
809,"R$ 80.995,00",62,60-70,2573,Viúvo,0,0,0,0,1,0,0,0,0,1,0,1,83,"R$ 860,00",751-R$1000,28,409,73,56,56,1,8,9,4,4,0,0,0,0,0,0,0,0,3,11,"R$ 1.370,00","R$ 1.426,00",,,,,,
891,"R$ 78.420,00",54,50-60,2524,Solteiro,0,0,1,0,0,0,0,0,0,1,0,0,75,"R$ 604,00",501-R$750,28,674,91,28,28,1,3,10,8,1,0,0,0,0,0,0,0,0,3,11,"R$ 1.397,00","R$ 1.425,00",,,,,,
1132,"R$ 68.142,00",56,50-60,2828,Juntos,0,0,0,1,0,0,0,1,0,0,0,1,96,"R$ 897,00",751-R$1000,126,196,91,112,37,3,10,4,7,6,0,0,0,0,0,0,0,0,3,11,"R$ 1.385,00","R$ 1.422,00",,,,,,
1172,"R$ 67.369,00",51,50-60,2748,Viúvo,0,0,0,0,1,0,0,0,1,0,0,1,81,"R$ 1.298,00",1251-R$1500,0,70,37,14,42,4,7,4,10,4,0,1,2,0,1,1,0,0,3,11,"R$ 1.377,00","R$ 1.419,00",,,,,,
2087,"R$ 72.217,00",58,50-60,2604,Solteiro,0,0,1,0,0,0,0,0,1,0,0,0,93,"R$ 816,00",751-R$1000,42,450,55,56,154,1,3,10,8,2,0,0,0,0,0,0,0,0,3,11,"R$ 1.265,00","R$ 1.419,00",,,,,,
731,"R$ 83.443,00",48,40-50,2339,Juntos,0,0,0,1,0,0,0,0,0,1,0,0,89,"R$ 518,00",501-R$750,42,742,55,56,84,1,6,10,5,2,0,0,0,0,0,0,0,0,3,11,"R$ 1.329,00","R$ 1.413,00",,,,,,
321,"R$ 75.693,00",52,50-60,2729,Divorciado,1,0,0,0,0,0,0,1,0,0,0,0,10,"R$ 797,00",751-R$1000,153,293,72,97,30,1,11,4,6,4,0,1,3,0,1,1,1,0,3,11,"R$ 1.382,00","R$ 1.412,00",,,,,,
887,"R$ 86.429,00",59,50-60,2379,Solteiro,0,0,1,0,0,0,0,1,0,0,0,0,10,"R$ 464,00",251-R$500,28,873,29,18,37,0,7,4,7,2,0,1,1,0,0,0,1,0,3,11,"R$ 1.375,00","R$ 1.412,00",,,,,,
621,"R$ 63.120,00",70,60-70,2798,Divorciado,1,0,0,0,0,0,0,0,1,0,0,1,53,"R$ 965,00",751-R$1000,69,279,54,41,69,5,8,4,9,7,0,1,0,0,0,0,0,0,3,11,"R$ 1.339,00","R$ 1.408,00",,,,,,
1096,"R$ 71.819,00",49,40-50,2464,Juntos,0,0,0,1,0,0,0,1,0,0,0,1,70,"R$ 1.224,00",1001-R$1250,28,140,0,14,168,3,3,3,5,6,0,0,2,0,1,1,0,0,3,11,"R$ 1.238,00","R$ 1.406,00",,,,,,
2181,"R$ 80.617,00",25,20-30,2784,Solteiro,0,0,1,0,0,1,0,0,0,0,0,0,42,"R$ 594,00",501-R$750,51,631,72,55,32,1,4,6,8,2,0,0,0,0,0,0,0,0,3,11,"R$ 1.371,00","R$ 1.403,00",,,,,,
1389,"R$ 80.589,00",76,70-80,2317,Casado,0,1,0,0,0,0,0,1,0,0,0,0,25,"R$ 507,00",501-R$750,93,520,242,40,26,1,5,10,5,1,0,1,1,0,0,0,1,0,3,11,"R$ 1.376,00","R$ 1.402,00",,,,,,
1915,"R$ 73.356,00",36,30-40,2302,Casado,0,1,0,0,0,0,0,0,0,1,0,0,56,"R$ 1.050,00",1001-R$1250,14,322,0,14,112,1,5,11,5,2,0,1,3,1,0,1,1,0,3,11,"R$ 1.288,00","R$ 1.400,00",,,,,,
760,"R$ 72.258,00",49,40-50,2449,Solteiro,0,0,1,0,0,0,0,1,0,0,0,1,28,"R$ 522,00",501-R$750,0,522,227,120,134,2,6,9,5,2,0,0,0,0,0,0,0,0,3,11,"R$ 1.257,00","R$ 1.391,00",,,,,,
743,"R$ 78.285,00",32,30-40,2403,Casado,0,1,0,0,0,0,0,0,1,0,0,0,13,"R$ 647,00",501-R$750,107,391,175,67,40,1,6,4,10,3,0,0,0,0,0,0,0,0,3,11,"R$ 1.347,00","R$ 1.387,00",,,,,,
790,"R$ 72.504,00",48,40-50,2608,Solteiro,0,0,1,0,0,0,0,1,0,0,0,1,43,"R$ 604,00",501-R$750,26,470,123,161,94,2,5,9,6,2,0,0,0,0,0,0,0,0,3,11,"R$ 1.290,00","R$ 1.384,00",,,,,,
1981,"R$ 63.684,00",50,40-50,2739,Casado,0,1,0,0,0,0,0,1,0,0,0,1,61,"R$ 575,00",501-R$750,80,428,208,93,80,3,8,4,8,5,0,0,0,0,0,0,0,0,3,11,"R$ 1.304,00","R$ 1.384,00",,,,,,
726,"R$ 83.844,00",68,60-70,2572,Juntos,0,0,0,1,0,0,0,1,0,0,0,0,57,"R$ 901,00",751-R$1000,31,345,75,31,191,1,4,4,11,1,0,0,1,0,0,1,0,0,3,11,"R$ 1.192,00","R$ 1.383,00",,,,,,
988,"R$ 83.844,00",68,60-70,2572,Juntos,0,0,0,1,0,0,0,1,0,0,0,0,57,"R$ 901,00",751-R$1000,31,345,75,31,191,1,4,4,11,1,0,0,1,0,0,1,0,0,3,11,"R$ 1.192,00","R$ 1.383,00",,,,,,
1443,"R$ 83.844,00",68,60-70,2572,Juntos,0,0,0,1,0,0,0,1,0,0,0,0,57,"R$ 901,00",751-R$1000,31,345,75,31,191,1,4,4,11,1,0,0,1,0,0,1,0,0,3,11,"R$ 1.192,00","R$ 1.383,00",,,,,,
1886,"R$ 67.384,00",50,40-50,2755,Solteiro,0,0,1,0,0,0,0,1,0,0,0,1,32,"R$ 957,00",751-R$1000,40,175,158,53,107,2,7,8,5,5,0,0,1,0,1,0,0,0,3,11,"R$ 1.276,00","R$ 1.383,00",,,,,,
50,"R$ 82.582,00",43,40-50,2181,Divorciado,1,0,0,0,0,0,0,1,0,0,0,0,54,"R$ 510,00",501-R$750,120,550,156,40,241,1,4,9,7,1,0,1,2,1,0,0,1,0,3,11,"R$ 1.135,00","R$ 1.376,00",,,,,,
1943,"R$ 72.643,00",71,70-80,2646,Viúvo,0,0,0,0,1,0,0,1,0,0,0,0,60,"R$ 526,00",501-R$750,80,553,123,94,53,1,3,10,7,2,0,1,1,0,0,0,1,0,3,11,"R$ 1.323,00","R$ 1.376,00",,,,,,
1574,"R$ 76.445,00",49,40-50,2798,Casado,0,1,0,0,0,0,0,1,0,0,1,0,2,"R$ 739,00",501-R$750,107,309,140,80,35,1,2,5,13,6,0,0,0,0,0,0,0,0,3,11,"R$ 1.340,00","R$ 1.375,00",,,,,,
1649,"R$ 69.016,00",50,40-50,2743,Casado,0,1,0,0,0,0,0,1,0,0,0,1,61,"R$ 726,00",501-R$750,53,363,123,107,161,4,8,9,13,5,0,0,0,0,0,0,0,0,3,11,"R$ 1.211,00","R$ 1.372,00",,,,,,
407,"R$ 82.584,00",46,40-50,2549,Casado,0,1,0,0,0,0,0,0,1,0,0,0,26,"R$ 1.076,00",1001-R$1250,68,103,29,91,68,1,3,4,8,1,0,1,2,0,1,1,0,0,3,11,"R$ 1.299,00","R$ 1.367,00",,,,,,
696,"R$ 76.618,00",45,40-50,2728,Casado,0,1,0,0,0,0,0,0,0,1,0,0,64,"R$ 749,00",501-R$750,40,294,121,160,147,1,3,2,5,1,0,0,0,0,0,0,0,0,3,11,"R$ 1.217,00","R$ 1.364,00",,,,,,
2047,"R$ 69.520,00",37,30-40,2516,Casado,0,1,0,0,0,0,0,1,0,0,0,0,95,"R$ 627,00",501-R$750,120,414,121,80,93,1,9,6,5,5,0,0,0,0,0,0,0,0,3,11,"R$ 1.269,00","R$ 1.362,00",,,,,,
402,"R$ 91.065,00",39,30-40,2651,Solteiro,0,0,1,0,0,0,0,1,0,0,0,0,33,"R$ 822,00",751-R$1000,114,108,179,137,114,1,7,9,9,3,0,1,2,0,0,1,1,0,3,11,"R$ 1.246,00","R$ 1.360,00",,,,,,
735,"R$ 75.507,00",41,40-50,2217,Juntos,0,0,0,1,0,0,0,1,0,0,0,0,56,"R$ 709,00",501-R$750,93,374,104,80,80,1,8,6,6,3,0,0,0,0,0,0,0,0,3,11,"R$ 1.280,00","R$ 1.360,00",,,,,,
1365,"R$ 75.507,00",41,40-50,2217,Juntos,0,0,0,1,0,0,0,1,0,0,0,0,56,"R$ 709,00",501-R$750,93,374,104,80,80,1,8,6,6,3,0,0,0,0,0,0,0,0,3,11,"R$ 1.280,00","R$ 1.360,00",,,,,,
56,"R$ 75.777,00",38,30-40,2519,Solteiro,0,0,1,0,0,0,0,0,1,0,0,0,12,"R$ 712,00",501-R$750,26,538,69,13,80,1,3,6,11,1,0,1,2,0,1,1,0,0,3,11,"R$ 1.278,00","R$ 1.358,00",,,,,,
1944,"R$ 85.738,00",42,40-50,2316,Juntos,0,0,0,1,0,0,0,0,1,0,0,0,41,"R$ 913,00",751-R$1000,26,376,17,26,13,1,3,6,11,1,0,0,2,0,1,1,0,0,3,11,"R$ 1.345,00","R$ 1.358,00",,,,,,
2189,"R$ 75.777,00",38,30-40,2519,Solteiro,0,0,1,0,0,0,0,0,1,0,0,0,12,"R$ 712,00",501-R$750,26,538,69,13,80,1,3,6,11,1,0,1,2,0,1,1,0,0,3,11,"R$ 1.278,00","R$ 1.358,00",,,,,,
1139,"R$ 79.410,00",59,50-60,2190,Casado,0,1,0,0,0,0,0,1,0,0,0,0,19,"R$ 658,00",501-R$750,80,483,123,13,13,1,3,2,5,1,0,0,0,0,0,0,0,0,3,11,"R$ 1.344,00","R$ 1.357,00",,,,,,
1480,"R$ 49.667,00",65,60-70,2837,Solteiro,0,0,1,0,0,0,0,0,0,1,0,0,35,"R$ 1.181,00",1001-R$1250,26,120,17,13,39,2,5,10,5,8,0,1,1,1,0,0,0,0,3,11,"R$ 1.318,00","R$ 1.357,00",,,,,,
2162,"R$ 73.803,00",63,60-70,2856,Casado,0,1,0,0,0,0,0,1,0,0,0,1,61,"R$ 833,00",751-R$1000,80,363,52,26,174,2,9,5,6,6,0,1,1,1,0,0,0,0,3,11,"R$ 1.180,00","R$ 1.354,00",,,,,,
401,"R$ 80.134,00",26,20-30,2294,Juntos,0,0,0,1,0,0,0,1,0,0,0,0,11,"R$ 966,00",751-R$1000,26,282,52,26,26,1,2,7,11,5,0,0,4,0,1,1,1,1,3,11,"R$ 1.326,00","R$ 1.352,00",,,,,,
335,"R$ 71.952,00",34,30-40,2694,Casado,0,1,0,0,0,0,0,1,0,0,1,0,93,"R$ 656,00",501-R$750,80,455,52,107,93,2,8,4,8,4,0,0,2,1,0,1,0,0,3,11,"R$ 1.257,00","R$ 1.350,00",,,,,,
686,"R$ 71.952,00",34,30-40,2694,Casado,0,1,0,0,0,0,0,1,0,0,1,0,93,"R$ 656,00",501-R$750,80,455,52,107,93,2,8,4,8,4,0,0,2,1,0,1,0,0,3,11,"R$ 1.257,00","R$ 1.350,00",,,,,,
1708,"R$ 82.427,00",54,50-60,2268,Juntos,0,0,0,1,0,0,0,1,0,0,0,0,35,"R$ 482,00",251-R$500,147,509,104,107,107,1,3,5,12,1,0,0,1,0,0,1,0,0,3,11,"R$ 1.242,00","R$ 1.349,00",,,,,,
1827,"R$ 72.159,00",42,40-50,2767,Casado,0,1,0,0,0,0,0,0,0,1,0,0,62,"R$ 322,00",251-R$500,53,899,34,40,53,1,4,6,10,2,0,0,0,0,0,0,0,0,3,11,"R$ 1.295,00","R$ 1.348,00",,,,,,
431,"R$ 81.246,00",56,50-60,2341,Solteiro,0,0,1,0,0,0,0,1,0,0,0,0,87,"R$ 398,00",251-R$500,190,537,61,156,37,1,4,5,7,1,0,0,2,1,0,0,1,0,3,11,"R$ 1.305,00","R$ 1.342,00",,,,,,
145,"R$ 69.372,00",71,70-80,2654,Juntos,0,0,0,1,0,0,0,1,0,0,0,0,10,"R$ 997,00",751-R$1000,26,269,34,13,42,1,10,4,6,4,0,1,2,0,1,1,0,0,3,11,"R$ 1.297,00","R$ 1.339,00",,,,,,
910,"R$ 68.397,00",44,40-50,2383,Casado,0,1,0,0,0,0,0,0,0,1,0,1,6,"R$ 760,00",751-R$1000,80,466,17,13,80,1,6,9,5,3,0,0,0,0,0,0,0,0,3,11,"R$ 1.256,00","R$ 1.336,00",,,,,,
282,"R$ 55.951,00",68,60-70,2834,Juntos,0,0,0,1,0,0,0,0,1,0,0,1,62,"R$ 1.241,00",1001-R$1250,0,80,0,13,40,3,3,6,11,8,0,0,2,0,1,0,0,1,3,11,"R$ 1.294,00","R$ 1.334,00",,,,,,
707,"R$ 80.395,00",65,60-70,2377,Casado,0,1,0,0,0,0,0,1,0,0,0,0,62,"R$ 445,00",251-R$500,25,706,80,76,48,1,6,5,12,2,0,0,1,0,0,0,1,0,3,11,"R$ 1.284,00","R$ 1.332,00",,,,,,
1313,"R$ 90.842,00",72,70-80,2494,Solteiro,0,0,1,0,0,0,0,1,0,0,0,0,57,"R$ 774,00",751-R$1000,70,118,182,187,93,1,4,9,13,1,0,0,0,0,0,0,0,0,3,11,"R$ 1.238,00","R$ 1.331,00",,,,,,
1250,"R$ 85.485,00",62,60-70,2167,Solteiro,0,0,1,0,0,1,0,0,0,0,0,0,73,"R$ 630,00",501-R$750,26,611,44,18,54,1,6,6,6,2,0,0,0,0,0,0,0,0,3,11,"R$ 1.275,00","R$ 1.329,00",,,,,,
1086,"R$ 76.045,00",60,50-60,2385,Solteiro,0,0,1,0,0,0,0,0,0,1,0,0,78,"R$ 760,00",751-R$1000,53,400,17,93,0,1,4,5,11,2,0,0,1,0,0,0,1,0,3,11,"R$ 1.323,00","R$ 1.323,00",,,,,,
624,"R$ 76.140,00",72,70-80,2206,Juntos,0,0,0,1,0,0,0,0,0,1,0,0,57,"R$ 586,00",501-R$750,66,653,17,0,26,1,5,9,6,2,0,0,0,0,0,0,0,0,3,11,"R$ 1.296,00","R$ 1.322,00",,,,,,
669,"R$ 77.845,00",31,30-40,2203,Juntos,0,0,0,1,0,0,0,0,0,1,0,0,40,"R$ 760,00",751-R$1000,40,480,0,40,26,1,3,5,12,1,0,0,2,0,0,1,1,0,3,11,"R$ 1.294,00","R$ 1.320,00",,,,,,
1518,"R$ 65.819,00",42,40-50,2736,Casado,0,1,0,0,0,0,0,1,0,0,0,0,99,"R$ 267,00",251-R$500,38,701,149,165,63,1,5,4,10,3,0,0,0,0,0,0,0,0,3,11,"R$ 1.257,00","R$ 1.320,00",,,,,,
350,"R$ 79.530,00",60,50-60,2567,Casado,0,1,0,0,0,0,0,1,0,0,0,0,64,"R$ 333,00",251-R$500,0,815,129,42,29,1,4,10,11,2,0,0,0,0,0,0,0,0,3,11,"R$ 1.290,00","R$ 1.319,00",,,,,,
234,"R$ 75.027,00",67,60-70,2695,Casado,0,1,0,0,0,0,0,1,0,0,0,1,74,"R$ 925,00",751-R$1000,64,179,133,12,77,2,9,4,6,5,0,0,0,0,0,0,0,0,3,11,"R$ 1.236,00","R$ 1.313,00",,,,,,
576,"R$ 69.882,00",55,50-60,2390,Solteiro,0,0,1,0,0,0,0,0,1,0,0,0,94,"R$ 292,00",251-R$500,127,635,132,127,165,1,3,7,9,1,0,0,0,0,0,0,0,0,3,11,"R$ 1.148,00","R$ 1.313,00",,,,,,
1852,"R$ 72.905,00",62,60-70,2318,Casado,0,1,0,0,0,0,0,1,0,0,0,0,52,"R$ 407,00",251-R$500,114,445,181,165,203,1,3,7,9,1,0,0,1,0,0,0,1,0,3,11,"R$ 1.109,00","R$ 1.312,00",,,,,,
1757,"R$ 64.590,00",52,50-60,2782,Casado,0,1,0,0,0,0,0,1,0,0,0,0,98,"R$ 920,00",751-R$1000,138,168,36,46,30,1,9,4,10,6,0,0,0,0,0,0,0,0,3,11,"R$ 1.278,00","R$ 1.308,00",,,,,,
752,"R$ 78.939,00",69,60-70,2358,Casado,0,1,0,0,0,0,0,0,0,1,0,0,57,"R$ 794,00",751-R$1000,115,243,150,0,205,1,8,5,6,3,0,0,0,0,0,0,0,0,3,11,"R$ 1.097,00","R$ 1.302,00",,,,,,
1063,"R$ 79.456,00",64,60-70,2835,Casado,0,1,0,0,0,0,0,1,0,0,0,0,12,"R$ 565,00",501-R$750,42,548,64,83,99,1,5,6,4,3,0,1,0,0,0,0,0,0,3,11,"R$ 1.203,00","R$ 1.302,00",,,,,,
1422,"R$ 78.041,00",49,40-50,2719,Casado,0,1,0,0,0,1,0,0,0,0,0,0,93,"R$ 482,00",251-R$500,35,553,72,160,17,1,4,4,9,2,0,0,0,0,0,0,0,0,3,11,"R$ 1.285,00","R$ 1.302,00",,,,,,
1118,"R$ 85.696,00",58,50-60,2581,Divorciado,1,0,0,0,0,0,0,0,0,1,0,0,88,"R$ 714,00",501-R$750,76,395,116,0,12,1,4,6,9,1,0,1,0,0,0,0,0,0,3,11,"R$ 1.289,00","R$ 1.301,00",,,,,,
1329,"R$ 85.696,00",58,50-60,2581,Divorciado,1,0,0,0,0,0,0,0,0,1,0,0,88,"R$ 714,00",501-R$750,76,395,116,0,12,1,4,6,9,1,0,1,0,0,0,0,0,0,3,11,"R$ 1.289,00","R$ 1.301,00",,,,,,
2068,"R$ 76.068,00",45,40-50,2736,Casado,0,1,0,0,0,0,0,1,0,0,0,1,67,"R$ 1.115,00",1001-R$1250,12,128,33,12,76,1,2,3,4,6,0,0,2,0,1,0,0,1,3,11,"R$ 1.224,00","R$ 1.300,00",,,,,,
454,"R$ 61.456,00",45,40-50,2618,Casado,0,1,0,0,0,0,0,1,0,0,0,1,47,"R$ 563,00",501-R$750,76,384,84,192,89,4,6,10,13,4,0,0,0,0,0,0,0,0,3,11,"R$ 1.210,00","R$ 1.299,00",,,,,,
1825,"R$ 83.257,00",25,20-30,2808,Solteiro,0,0,1,0,0,1,0,0,0,0,0,0,56,"R$ 536,00",501-R$750,27,590,38,107,67,1,5,10,12,6,1,1,2,1,0,1,0,0,3,11,"R$ 1.231,00","R$ 1.298,00",,,,,,
1720,"R$ 81.795,00",68,60-70,2770,Casado,0,1,0,0,0,0,0,1,0,0,0,0,74,"R$ 324,00",251-R$500,132,693,27,118,88,1,4,11,7,2,0,0,0,0,0,0,0,0,3,11,"R$ 1.206,00","R$ 1.294,00",,,,,,
39,"R$ 80.011,00",40,30-40,2585,Casado,0,1,0,0,0,0,0,1,0,0,0,1,3,"R$ 421,00",251-R$500,76,536,82,178,102,2,8,6,5,4,0,0,0,0,0,0,0,0,3,11,"R$ 1.191,00","R$ 1.293,00",,,,,,
487,"R$ 64.355,00",35,30-40,2833,Casado,0,1,0,0,0,0,0,0,0,1,1,0,66,"R$ 1.047,00",1001-R$1250,0,140,67,38,153,2,4,3,12,8,0,0,0,0,0,0,0,0,3,11,"R$ 1.139,00","R$ 1.292,00",,,,,,
2016,"R$ 83.273,00",50,40-50,2801,Solteiro,0,0,1,0,0,0,0,1,0,0,1,2,98,"R$ 433,00",251-R$500,89,650,16,102,102,10,4,6,9,7,0,0,0,0,0,0,0,0,3,11,"R$ 1.188,00","R$ 1.290,00",,,,,,
449,"R$ 66.582,00",51,50-60,2277,Solteiro,0,0,1,0,0,0,0,0,0,1,0,0,83,"R$ 789,00",751-R$1000,25,420,16,38,0,1,2,8,9,1,0,0,0,0,0,0,0,0,3,11,"R$ 1.288,00","R$ 1.288,00",,,,,,
997,"R$ 70.924,00",55,50-60,2242,Casado,0,1,0,0,0,1,0,0,0,0,0,0,41,"R$ 635,00",501-R$750,114,254,132,152,76,1,6,6,7,3,0,0,1,0,0,1,0,0,3,11,"R$ 1.211,00","R$ 1.287,00",,,,,,
1031,"R$ 70.924,00",55,50-60,2242,Casado,0,1,0,0,0,1,0,0,0,0,0,0,41,"R$ 635,00",501-R$750,114,254,132,152,76,1,6,6,7,3,0,0,1,0,0,1,0,0,3,11,"R$ 1.211,00","R$ 1.287,00",,,,,,
1052,"R$ 70.713,00",54,50-60,2732,Juntos,0,0,0,1,0,0,0,1,0,0,0,1,23,"R$ 736,00",501-R$750,114,279,82,76,190,6,5,6,8,3,0,0,0,0,0,0,0,0,3,11,"R$ 1.097,00","R$ 1.287,00",,,,,,
1829,"R$ 82.733,00",36,30-40,2451,Solteiro,0,0,1,0,0,0,0,0,0,1,0,0,28,"R$ 712,00",501-R$750,50,420,65,38,38,1,8,4,7,4,0,1,0,0,0,0,0,0,3,11,"R$ 1.247,00","R$ 1.285,00",,,,,,
625,"R$ 62.859,00",61,60-70,2705,Divorciado,1,0,0,0,0,0,0,0,0,1,0,1,37,"R$ 1.063,00",1001-R$1250,89,102,16,12,25,4,9,4,6,6,0,0,0,0,0,0,0,0,3,11,"R$ 1.257,00","R$ 1.282,00",,,,,,
1767,"R$ 82.122,00",58,50-60,2477,Juntos,0,0,0,1,0,1,0,0,0,0,0,0,89,"R$ 734,00",501-R$750,22,350,151,25,100,1,3,9,13,1,0,0,1,0,0,1,0,0,3,11,"R$ 1.182,00","R$ 1.282,00",,,,,,
46,"R$ 72.550,00",66,60-70,2757,Casado,0,1,0,0,0,0,0,0,0,1,1,1,39,"R$ 826,00",751-R$1000,50,317,50,38,38,9,5,2,12,8,0,0,0,0,0,0,0,0,3,11,"R$ 1.243,00","R$ 1.281,00",,,,,,
153,"R$ 74.165,00",45,40-50,2583,Divorciado,1,0,0,0,0,0,0,0,0,1,0,0,9,"R$ 1.001,00",1001-R$1250,12,240,16,12,12,1,5,4,10,2,0,0,0,0,0,0,0,0,3,11,"R$ 1.269,00","R$ 1.281,00",,,,,,
510,"R$ 77.863,00",62,60-70,2373,Juntos,0,0,0,1,0,0,0,0,0,1,0,0,20,"R$ 881,00",751-R$1000,38,319,16,25,12,1,4,5,10,2,0,0,0,0,0,0,0,0,3,11,"R$ 1.267,00","R$ 1.279,00",,,,,,
1475,"R$ 68.487,00",32,30-40,2691,Casado,0,1,0,0,0,0,0,1,0,0,0,0,48,"R$ 758,00",751-R$1000,12,385,33,89,89,1,9,7,13,4,0,0,0,0,0,0,0,0,3,11,"R$ 1.188,00","R$ 1.277,00",,,,,,
2053,"R$ 68.487,00",32,30-40,2691,Casado,0,1,0,0,0,0,0,1,0,0,0,0,48,"R$ 758,00",751-R$1000,12,385,33,89,89,1,9,7,13,4,0,0,0,0,0,0,0,0,3,11,"R$ 1.188,00","R$ 1.277,00",,,,,,
1578,"R$ 70.638,00",65,60-70,2552,Divorciado,1,0,0,0,0,0,0,0,1,0,0,0,69,"R$ 1.016,00",1001-R$1250,12,215,16,12,63,1,4,5,10,3,0,0,1,0,1,0,0,0,3,11,"R$ 1.208,00","R$ 1.271,00",,,,,,
15,"R$ 82.800,00",74,70-80,2741,Solteiro,0,0,1,0,0,0,0,0,0,1,0,0,23,"R$ 1.006,00",1001-R$1250,22,115,59,68,45,1,7,6,12,3,0,1,2,0,0,1,1,0,3,11,"R$ 1.225,00","R$ 1.270,00",,,,,,
357,"R$ 63.810,00",54,50-60,2754,Solteiro,0,0,1,0,0,0,0,1,0,0,0,1,45,"R$ 977,00",751-R$1000,12,253,16,12,101,4,4,3,12,8,0,0,1,0,1,0,0,0,3,11,"R$ 1.169,00","R$ 1.270,00",,,,,,
1398,"R$ 63.810,00",54,50-60,2754,Solteiro,0,0,1,0,0,0,0,1,0,0,0,1,45,"R$ 977,00",751-R$1000,12,253,16,12,101,4,4,3,12,8,0,0,1,0,1,0,0,0,3,11,"R$ 1.169,00","R$ 1.270,00",,,,,,
1546,"R$ 82.800,00",74,70-80,2741,Solteiro,0,0,1,0,0,0,0,0,0,1,0,0,23,"R$ 1.006,00",1001-R$1250,22,115,59,68,45,1,7,6,12,3,0,1,2,0,0,1,1,0,3,11,"R$ 1.225,00","R$ 1.270,00",,,,,,
2097,"R$ 65.220,00",55,50-60,2823,Juntos,0,0,0,1,0,0,0,0,0,1,0,0,3,"R$ 890,00",751-R$1000,63,292,0,25,12,4,8,4,7,6,0,1,0,0,0,0,0,0,3,11,"R$ 1.258,00","R$ 1.270,00",,,,,,
338,"R$ 60.000,00",44,40-50,2713,Solteiro,0,0,1,0,0,0,0,0,0,1,0,1,57,"R$ 1.048,00",1001-R$1250,0,217,0,0,12,5,11,3,5,6,0,0,0,0,0,0,0,0,3,11,"R$ 1.253,00","R$ 1.265,00",,,,,,
1802,"R$ 78.394,00",34,30-40,2658,Juntos,0,0,0,1,0,0,0,1,0,0,0,0,13,"R$ 298,00",251-R$500,27,697,216,24,166,1,4,6,5,2,0,1,0,0,0,0,0,0,3,11,"R$ 1.096,00","R$ 1.262,00",,,,,,
132,"R$ 86.111,00",58,50-60,2595,Casado,0,1,0,0,0,0,0,1,0,0,0,0,73,"R$ 399,00",251-R$500,28,756,36,40,126,1,5,7,10,2,0,0,0,0,0,0,0,0,3,11,"R$ 1.133,00","R$ 1.259,00",,,,,,
2065,"R$ 80.144,00",45,40-50,2431,Juntos,0,0,0,1,0,0,0,1,0,0,0,0,47,"R$ 240,00",0-R$250,132,445,250,192,108,1,3,7,8,1,0,0,0,0,0,0,0,0,3,11,"R$ 1.151,00","R$ 1.259,00",,,,,,
443,"R$ 66.664,00",38,30-40,2801,Juntos,0,0,0,1,0,1,0,0,0,0,0,0,78,"R$ 398,00",251-R$500,96,447,220,96,32,1,5,7,6,3,0,0,0,0,0,0,0,0,3,11,"R$ 1.225,00","R$ 1.257,00",,,,,,
1542,"R$ 63.972,00",56,50-60,2733,Solteiro,0,0,1,0,0,0,0,0,1,0,0,1,93,"R$ 928,00",751-R$1000,63,254,0,12,12,4,5,4,10,4,0,0,1,0,1,0,0,0,3,11,"R$ 1.245,00","R$ 1.257,00",,,,,,
1598,"R$ 66.664,00",38,30-40,2801,Juntos,0,0,0,1,0,1,0,0,0,0,0,0,78,"R$ 398,00",251-R$500,96,447,220,96,32,1,5,7,6,3,0,0,0,0,0,0,0,0,3,11,"R$ 1.225,00","R$ 1.257,00",,,,,,
253,"R$ 80.124,00",57,50-60,2162,Casado,0,1,0,0,0,0,0,1,0,0,0,0,47,"R$ 483,00",251-R$500,84,398,205,84,241,1,3,7,8,1,0,0,1,1,0,0,0,0,3,11,"R$ 1.013,00","R$ 1.254,00",,,,,,
447,"R$ 80.124,00",57,50-60,2162,Casado,0,1,0,0,0,0,0,1,0,0,0,0,47,"R$ 483,00",251-R$500,84,398,205,84,241,1,3,7,8,1,0,0,1,1,0,0,0,0,3,11,"R$ 1.013,00","R$ 1.254,00",,,,,,
1057,"R$ 87.171,00",39,30-40,2583,Casado,0,1,0,0,0,0,0,0,0,1,0,0,27,"R$ 1.001,00",1001-R$1250,44,107,58,44,44,1,6,7,11,2,0,0,2,1,0,1,0,0,3,11,"R$ 1.210,00","R$ 1.254,00",,,,,,
1902,"R$ 70.617,00",50,40-50,2530,Casado,0,1,0,0,0,0,0,1,0,0,0,0,45,"R$ 353,00",251-R$500,61,753,40,46,27,1,3,3,7,2,0,0,0,0,0,0,0,0,3,11,"R$ 1.226,00","R$ 1.253,00",,,,,,
748,"R$ 67.430,00",33,30-40,2821,Juntos,0,0,0,1,0,0,0,1,0,0,0,0,6,"R$ 595,00",501-R$750,97,291,127,133,121,1,11,5,12,6,0,0,0,0,0,0,0,0,3,11,"R$ 1.122,00","R$ 1.243,00",,,,,,
66,"R$ 66.991,00",66,60-70,2815,Casado,0,1,0,0,0,0,0,0,1,0,0,0,1,"R$ 496,00",251-R$500,36,460,189,60,12,3,4,8,6,3,0,0,0,0,0,0,0,0,3,11,"R$ 1.229,00","R$ 1.241,00",,,,,,
720,"R$ 62.882,00",51,50-60,2848,Juntos,0,0,0,1,0,0,0,1,0,0,0,1,26,"R$ 509,00",501-R$750,133,497,78,24,97,2,7,5,6,4,0,0,0,0,0,0,0,0,3,11,"R$ 1.144,00","R$ 1.241,00",,,,,,
2136,"R$ 90.000,00",36,30-40,2347,Casado,0,1,0,0,0,0,0,1,0,0,0,0,91,"R$ 675,00",501-R$750,144,133,94,192,241,1,4,8,5,1,0,0,3,1,0,1,1,0,3,11,"R$ 997,00","R$ 1.238,00",,,,,,
2113,"R$ 78.499,00",63,60-70,2377,Solteiro,0,0,1,0,0,0,0,1,0,0,0,0,12,"R$ 912,00",751-R$1000,72,170,47,36,97,1,11,3,4,4,0,1,1,0,0,1,0,0,3,11,"R$ 1.140,00","R$ 1.237,00",,,,,,
63,"R$ 88.194,00",41,40-50,2261,Solteiro,0,0,1,0,0,1,0,0,0,0,0,1,19,"R$ 688,00",501-R$750,14,309,201,24,38,1,11,10,10,5,0,1,2,1,0,0,1,0,3,11,"R$ 1.198,00","R$ 1.236,00",,,,,,
1885,"R$ 92.556,00",60,50-60,2229,Juntos,0,0,0,1,0,1,0,0,0,0,0,0,32,"R$ 493,00",251-R$500,183,352,184,23,28,0,3,5,13,0,0,0,0,0,0,0,0,0,3,11,"R$ 1.207,00","R$ 1.235,00",,,,,,
308,"R$ 64.325,00",59,50-60,2666,Divorciado,1,0,0,0,0,0,0,0,0,1,0,1,41,"R$ 731,00",501-R$750,60,353,78,12,73,5,10,3,5,7,0,0,0,0,0,0,0,0,3,11,"R$ 1.161,00","R$ 1.234,00",,,,,,
1666,"R$ 61.787,00",33,30-40,2517,Divorciado,1,0,0,0,0,0,0,0,1,0,0,0,71,"R$ 621,00",501-R$750,73,414,78,48,85,1,8,4,6,5,0,0,0,0,0,0,0,0,3,11,"R$ 1.149,00","R$ 1.234,00",,,,,,
870,"R$ 68.092,00",42,40-50,2354,Solteiro,0,0,1,0,0,0,0,0,1,0,0,0,7,"R$ 852,00",751-R$1000,60,207,78,36,48,2,2,6,10,5,0,0,0,0,0,0,0,0,3,11,"R$ 1.185,00","R$ 1.233,00",,,,,,
1284,"R$ 71.626,00",41,40-50,2764,Casado,0,1,0,0,0,0,0,1,0,0,0,0,94,"R$ 546,00",501-R$750,72,376,94,145,72,1,5,5,8,3,0,0,1,0,1,0,0,0,3,11,"R$ 1.161,00","R$ 1.233,00",,,,,,
1312,"R$ 71.434,00",58,50-60,2443,Casado,0,1,0,0,0,0,0,1,0,0,0,1,4,"R$ 711,00",501-R$750,36,217,172,96,168,3,7,4,7,4,0,0,2,0,1,0,1,0,3,11,"R$ 1.064,00","R$ 1.232,00",,,,,,
399,"R$ 75.865,00",77,70-80,2249,Casado,0,1,0,0,0,0,0,0,0,1,0,0,73,"R$ 483,00",251-R$500,0,591,156,0,12,1,3,5,10,1,0,0,0,0,0,0,0,0,3,11,"R$ 1.218,00","R$ 1.230,00",,,,,,
761,"R$ 71.466,00",46,40-50,2244,Solteiro,0,0,1,0,0,0,0,0,0,1,0,0,86,"R$ 412,00",251-R$500,12,546,78,182,0,1,4,4,10,1,0,0,0,0,0,0,0,0,3,11,"R$ 1.230,00","R$ 1.230,00",,,,,,
892,"R$ 75.114,00",28,20-30,2393,Juntos,0,0,0,1,0,0,0,1,0,0,0,0,40,"R$ 571,00",501-R$750,12,523,63,60,24,1,3,10,5,2,0,0,0,0,0,0,0,0,3,11,"R$ 1.205,00","R$ 1.229,00",,,,,,
1903,"R$ 64.849,00",63,60-70,2752,Solteiro,0,0,1,0,0,0,0,1,0,0,0,0,42,"R$ 652,00",501-R$750,48,350,94,84,108,1,9,3,6,5,0,1,0,0,0,0,0,0,3,11,"R$ 1.120,00","R$ 1.228,00",,,,,,
1927,"R$ 80.872,00",69,60-70,2207,Solteiro,0,0,1,0,0,0,0,1,0,0,0,0,60,"R$ 483,00",251-R$500,72,567,94,12,108,1,4,4,10,1,0,0,0,0,0,0,0,0,3,11,"R$ 1.120,00","R$ 1.228,00",,,,,,
2072,"R$ 78.128,00",46,40-50,2289,Casado,0,1,0,0,0,0,0,0,0,1,0,1,89,"R$ 934,00",751-R$1000,24,230,16,24,36,2,8,4,6,3,0,0,2,0,1,1,0,0,3,11,"R$ 1.192,00","R$ 1.228,00",,,,,,
1256,"R$ 66.303,00",49,40-50,2647,Casado,0,1,0,0,0,0,0,1,0,0,0,1,56,"R$ 1.090,00",1001-R$1250,12,96,16,12,60,4,3,4,11,8,0,0,1,0,1,0,0,0,3,11,"R$ 1.166,00","R$ 1.226,00",,,,,,
83,"R$ 79.593,00",47,40-50,2207,Casado,0,1,0,0,0,0,0,1,0,0,0,0,70,"R$ 350,00",251-R$500,60,568,110,133,145,1,5,6,7,2,0,0,1,0,0,1,0,0,3,11,"R$ 1.076,00","R$ 1.221,00",,,,,,
1015,"R$ 79.593,00",47,40-50,2207,Casado,0,1,0,0,0,0,0,1,0,0,0,0,70,"R$ 350,00",251-R$500,60,568,110,133,145,1,5,6,7,2,0,0,1,0,0,1,0,0,3,11,"R$ 1.076,00","R$ 1.221,00",,,,,,
362,"R$ 66.426,00",59,50-60,2429,Juntos,0,0,0,1,0,0,0,0,0,1,0,1,14,"R$ 1.043,00",1001-R$1250,24,97,32,24,157,2,3,5,10,6,0,0,0,0,0,0,0,0,3,11,"R$ 1.063,00","R$ 1.220,00",,,,,,
2203,"R$ 56.981,00",39,30-40,2314,Divorciado,1,0,0,0,0,0,0,1,0,0,0,0,91,"R$ 908,00",751-R$1000,48,217,32,12,24,1,2,3,13,6,0,0,1,0,1,0,0,0,3,11,"R$ 1.193,00","R$ 1.217,00",,,,,,
737,"R$ 62.220,00",48,40-50,2846,Juntos,0,0,0,1,0,0,0,0,0,1,0,1,55,"R$ 799,00",751-R$1000,12,375,16,12,12,5,7,6,5,6,0,1,0,0,0,0,0,0,3,11,"R$ 1.202,00","R$ 1.214,00",,,,,,
926,"R$ 51.563,00",33,30-40,2795,Casado,0,1,0,0,0,0,0,0,0,1,0,0,60,"R$ 1.166,00",1001-R$1250,0,48,0,0,36,1,4,4,10,8,0,0,2,0,1,1,0,0,3,11,"R$ 1.178,00","R$ 1.214,00",,,,,,
619,"R$ 84.574,00",68,60-70,2549,Solteiro,0,0,1,0,0,0,0,1,0,0,0,0,72,"R$ 387,00",251-R$500,20,713,38,54,163,1,9,11,11,5,0,0,0,0,0,0,0,0,3,11,"R$ 1.049,00","R$ 1.212,00",,,,,,
683,"R$ 71.022,00",42,40-50,2297,Divorciado,1,0,0,0,0,0,0,1,0,0,0,1,30,"R$ 909,00",751-R$1000,12,278,0,12,242,3,5,2,11,8,0,0,1,1,0,0,0,0,3,11,"R$ 969,00","R$ 1.211,00",,,,,,
1163,"R$ 54.959,00",59,50-60,2685,Divorciado,1,0,0,0,0,0,0,0,0,1,0,1,55,"R$ 1.148,00",1001-R$1250,0,60,0,0,24,3,9,5,4,7,0,1,1,0,1,0,0,0,3,11,"R$ 1.184,00","R$ 1.208,00",,,,,,
1681,"R$ 58.656,00",64,60-70,2806,Juntos,0,0,0,1,0,0,0,0,1,0,0,1,25,"R$ 962,00",751-R$1000,12,194,16,24,12,4,7,8,13,6,0,0,1,0,0,1,0,0,3,11,"R$ 1.196,00","R$ 1.208,00",,,,,,
165,"R$ 83.837,00",72,70-80,2719,Casado,0,1,0,0,0,0,0,0,0,1,0,0,79,"R$ 847,00",751-R$1000,66,119,86,89,111,1,9,10,5,4,0,1,2,0,1,0,1,0,3,11,"R$ 1.096,00","R$ 1.207,00",,,,,,
559,"R$ 61.996,00",43,40-50,2673,Casado,0,1,0,0,0,0,0,0,0,1,0,1,27,"R$ 1.050,00",1001-R$1250,12,144,0,0,24,3,6,4,8,5,0,1,3,0,1,0,1,1,3,11,"R$ 1.182,00","R$ 1.206,00",,,,,,
1003,"R$ 64.504,00",67,60-70,2641,Juntos,0,0,0,1,0,0,0,0,0,1,1,2,81,"R$ 986,00",751-R$1000,36,168,16,0,108,7,11,3,4,7,0,1,0,0,0,0,0,0,3,11,"R$ 1.098,00","R$ 1.206,00",,,,,,
658,"R$ 81.300,00",57,50-60,2766,Casado,0,1,0,0,0,0,0,0,0,1,0,1,17,"R$ 1.004,00",1001-R$1250,12,145,32,12,36,3,10,3,5,5,0,1,1,0,0,0,1,0,3,11,"R$ 1.169,00","R$ 1.205,00",,,,,,
1830,"R$ 74.290,00",49,40-50,2480,Divorciado,1,0,0,0,0,0,0,0,1,0,0,1,70,"R$ 1.121,00",1001-R$1250,0,72,0,12,12,4,10,8,10,6,0,0,2,0,1,0,1,0,3,11,"R$ 1.193,00","R$ 1.205,00",,,,,,
189,"R$ 75.922,00",52,50-60,2361,Solteiro,0,0,1,0,0,0,0,1,0,0,0,0,60,"R$ 265,00",251-R$500,138,553,224,23,92,1,4,4,9,1,0,0,0,0,0,0,0,0,3,11,"R$ 1.111,00","R$ 1.203,00",,,,,,
1206,"R$ 75.032,00",61,60-70,2586,Casado,0,1,0,0,0,0,0,0,0,1,0,1,74,"R$ 952,00",751-R$1000,12,180,47,12,12,2,5,4,9,3,0,0,0,0,0,0,0,0,3,11,"R$ 1.191,00","R$ 1.203,00",,,,,,
969,"R$ 79.689,00",44,40-50,2572,Solteiro,0,0,1,0,0,1,0,0,0,0,0,0,65,"R$ 311,00",251-R$500,26,640,180,37,121,1,4,9,13,2,0,0,0,0,0,0,0,0,3,11,"R$ 1.073,00","R$ 1.194,00",,,,,,
1039,"R$ 72.228,00",68,60-70,2738,Solteiro,0,0,1,0,0,0,0,1,0,0,0,0,87,"R$ 631,00",501-R$750,28,491,30,14,56,1,6,7,8,3,0,0,0,0,0,0,0,0,3,11,"R$ 1.138,00","R$ 1.194,00",,,,,,
1789,"R$ 72.071,00",66,60-70,2659,Divorciado,1,0,0,0,0,0,0,1,0,0,0,1,4,"R$ 531,00",501-R$750,69,300,150,138,150,3,5,4,8,2,0,0,0,0,0,0,0,0,3,11,"R$ 1.038,00","R$ 1.188,00",,,,,,
2134,"R$ 72.071,00",66,60-70,2659,Divorciado,1,0,0,0,0,0,0,1,0,0,0,1,4,"R$ 531,00",501-R$750,69,300,150,138,150,3,5,4,8,2,0,0,0,0,0,0,0,0,3,11,"R$ 1.038,00","R$ 1.188,00",,,,,,
1718,"R$ 70.321,00",73,70-80,2688,Juntos,0,0,0,1,0,0,0,1,0,0,0,0,6,"R$ 303,00",251-R$500,23,751,82,26,191,1,6,5,13,4,0,1,0,0,0,0,0,0,3,11,"R$ 994,00","R$ 1.185,00",,,,,,
965,"R$ 80.763,00",70,60-70,2477,Casado,0,1,0,0,0,0,0,1,0,0,0,0,17,"R$ 674,00",501-R$750,168,108,192,42,231,1,5,11,6,3,0,1,2,0,0,1,1,0,3,11,"R$ 953,00","R$ 1.184,00",,,,,,
191,"R$ 102.160,00",43,40-50,2763,Juntos,0,0,0,1,0,0,0,0,0,1,0,0,54,"R$ 763,00",751-R$1000,29,138,76,176,58,0,7,9,10,4,0,1,3,0,1,1,1,0,3,11,"R$ 1.124,00","R$ 1.182,00",,,,,,
886,"R$ 85.072,00",43,40-50,2240,Solteiro,0,0,1,0,0,0,0,1,0,0,0,0,94,"R$ 494,00",251-R$500,92,391,194,11,241,1,3,4,10,0,0,0,0,0,0,0,0,0,3,11,"R$ 941,00","R$ 1.182,00",,,,,,
2024,"R$ 81.044,00",73,70-80,2343,Casado,0,1,0,0,0,1,0,0,0,0,0,0,0,"R$ 450,00",251-R$500,26,535,73,98,26,1,5,6,10,1,0,0,0,0,0,0,0,0,3,11,"R$ 1.156,00","R$ 1.182,00",,,,,,
180,"R$ 66.973,00",31,30-40,2567,Juntos,0,0,0,1,0,0,0,0,0,1,0,0,98,"R$ 466,00",251-R$500,22,432,147,113,102,1,8,7,12,3,0,0,0,0,0,0,0,0,3,11,"R$ 1.078,00","R$ 1.180,00",,,,,,
1010,"R$ 68.316,00",56,50-60,2761,Juntos,0,0,0,1,0,1,0,0,0,0,0,1,54,"R$ 806,00",751-R$1000,80,161,120,11,33,5,10,7,10,6,0,0,0,0,0,0,0,0,3,11,"R$ 1.145,00","R$ 1.178,00",,,,,,
1792,"R$ 72.282,00",69,60-70,2504,Solteiro,0,0,1,0,0,0,0,1,0,0,0,0,70,"R$ 503,00",501-R$750,27,419,90,139,153,1,5,7,9,7,0,1,0,0,0,0,0,0,3,11,"R$ 1.025,00","R$ 1.178,00",,,,,,
1502,"R$ 82.032,00",72,70-80,2244,Viúvo,0,0,0,0,1,0,0,0,0,1,0,0,54,"R$ 332,00",251-R$500,194,377,149,125,57,0,4,6,7,1,0,0,0,0,0,0,0,0,3,11,"R$ 1.120,00","R$ 1.177,00",,,,,,
2022,"R$ 65.308,00",47,40-50,2450,Casado,0,1,0,0,0,0,0,1,0,0,0,0,60,"R$ 713,00",501-R$750,0,264,120,80,34,1,7,8,12,4,0,0,2,0,0,1,1,0,3,11,"R$ 1.143,00","R$ 1.177,00",,,,,,
2185,"R$ 82.032,00",72,70-80,2244,Viúvo,0,0,0,0,1,0,0,0,0,1,0,0,54,"R$ 332,00",251-R$500,194,377,149,125,57,0,4,6,7,1,0,0,0,0,0,0,0,0,3,11,"R$ 1.120,00","R$ 1.177,00",,,,,,
33,"R$ 68.657,00",74,70-80,2653,Casado,0,1,0,0,0,0,0,0,1,0,0,0,4,"R$ 482,00",251-R$500,34,471,119,68,22,1,3,5,9,7,0,0,0,0,0,0,0,0,3,11,"R$ 1.152,00","R$ 1.174,00",,,,,,
149,"R$ 80.317,00",65,60-70,2472,Solteiro,0,0,1,0,0,0,0,1,0,0,0,0,64,"R$ 536,00",501-R$750,11,387,149,91,57,1,3,4,10,1,0,0,0,0,0,0,0,0,3,11,"R$ 1.117,00","R$ 1.174,00",,,,,,
593,"R$ 81.168,00",55,50-60,2212,Casado,0,1,0,0,0,0,0,1,0,0,0,0,84,"R$ 410,00",251-R$500,0,592,147,22,22,1,6,4,7,3,0,0,1,0,0,0,1,0,3,11,"R$ 1.149,00","R$ 1.171,00",,,,,,
1899,"R$ 80.982,00",61,60-70,2696,Solteiro,0,0,1,0,0,0,0,1,0,0,1,1,48,"R$ 505,00",501-R$750,137,401,104,22,22,3,11,5,11,5,1,0,0,0,0,0,0,0,3,11,"R$ 1.147,00","R$ 1.169,00",,,,,,
337,"R$ 72.099,00",46,40-50,2769,Casado,0,1,0,0,0,0,0,1,0,0,0,0,18,"R$ 546,00",501-R$750,91,410,119,0,22,1,3,4,10,1,0,0,0,0,0,0,0,0,3,11,"R$ 1.144,00","R$ 1.166,00",,,,,,
717,"R$ 67.432,00",47,40-50,2616,Casado,0,1,0,0,0,0,0,1,0,0,0,1,69,"R$ 432,00",251-R$500,79,341,177,136,170,2,8,5,4,4,0,0,0,0,0,0,0,0,3,11,"R$ 995,00","R$ 1.165,00",,,,,,
1998,"R$ 77.027,00",68,60-70,2303,Casado,0,1,0,0,0,0,0,0,1,0,0,1,23,"R$ 820,00",751-R$1000,57,242,45,0,11,2,8,3,6,4,0,0,0,0,0,0,0,0,3,11,"R$ 1.153,00","R$ 1.164,00",,,,,,
635,"R$ 67.445,00",46,40-50,2845,Casado,0,1,0,0,0,0,0,1,0,0,0,1,63,"R$ 757,00",751-R$1000,80,217,29,80,11,5,9,6,12,6,0,0,0,0,0,0,0,0,3,11,"R$ 1.152,00","R$ 1.163,00",,,,,,
1530,"R$ 67.445,00",46,40-50,2845,Casado,0,1,0,0,0,0,0,1,0,0,0,1,63,"R$ 757,00",751-R$1000,80,217,29,80,11,5,9,6,12,6,0,0,0,0,0,0,0,0,3,11,"R$ 1.152,00","R$ 1.163,00",,,,,,
2037,"R$ 67.445,00",46,40-50,2845,Casado,0,1,0,0,0,0,0,1,0,0,0,1,63,"R$ 757,00",751-R$1000,80,217,29,80,11,5,9,6,12,6,0,0,0,0,0,0,0,0,3,11,"R$ 1.152,00","R$ 1.163,00",,,,,,
758,"R$ 74.250,00",62,60-70,2313,Juntos,0,0,0,1,0,0,0,0,0,1,0,0,90,"R$ 680,00",501-R$750,11,392,75,0,0,1,2,11,4,1,0,0,0,0,0,0,0,0,3,11,"R$ 1.158,00","R$ 1.158,00",,,,,,
859,"R$ 86.424,00",64,60-70,2244,Solteiro,0,0,1,0,0,0,0,0,1,0,0,0,12,"R$ 387,00",251-R$500,68,569,89,45,68,1,6,9,12,1,0,0,0,0,0,0,0,0,3,11,"R$ 1.090,00","R$ 1.158,00",,,,,,
1920,"R$ 70.792,00",69,60-70,2667,Viúvo,0,0,0,0,1,0,0,1,0,0,0,0,82,"R$ 344,00",251-R$500,45,654,104,11,114,2,3,4,10,3,0,0,0,0,0,0,0,0,3,11,"R$ 1.044,00","R$ 1.158,00",,,,,,
310,"R$ 62.187,00",63,60-70,2518,Casado,0,1,0,0,0,0,0,1,0,0,0,0,49,"R$ 792,00",751-R$1000,0,275,45,45,126,1,4,8,5,3,0,0,0,0,0,0,0,0,3,11,"R$ 1.031,00","R$ 1.157,00",,,,,,
212,"R$ 63.887,00",58,50-60,2818,Divorciado,1,0,0,0,0,0,0,1,0,0,0,1,38,"R$ 897,00",751-R$1000,23,207,15,11,92,5,9,6,12,6,0,0,0,0,0,0,0,0,3,11,"R$ 1.061,00","R$ 1.153,00",,,,,,
951,"R$ 84.219,00",32,30-40,2306,Casado,0,1,0,0,0,0,0,1,0,0,0,0,27,"R$ 434,00",251-R$500,137,400,45,137,45,1,3,4,10,1,0,0,0,0,0,0,0,0,3,11,"R$ 1.108,00","R$ 1.153,00",,,,,,
1486,"R$ 84.219,00",32,30-40,2306,Casado,0,1,0,0,0,0,0,1,0,0,0,0,27,"R$ 434,00",251-R$500,137,400,45,137,45,1,3,4,10,1,0,0,0,0,0,0,0,0,3,11,"R$ 1.108,00","R$ 1.153,00",,,,,,
292,"R$ 80.950,00",59,50-60,2617,Casado,0,1,0,0,0,0,0,0,1,0,0,0,44,"R$ 525,00",501-R$750,147,112,219,147,63,1,6,7,9,2,0,0,1,0,0,0,1,0,3,11,"R$ 1.087,00","R$ 1.150,00",,,,,,
730,"R$ 63.564,00",66,60-70,2310,Casado,0,1,0,0,0,1,0,0,0,0,0,0,0,"R$ 769,00",751-R$1000,80,252,15,34,65,1,10,10,7,6,0,1,1,1,0,0,0,0,3,11,"R$ 1.085,00","R$ 1.150,00",,,,,,
1178,"R$ 70.091,00",51,50-60,2614,Casado,0,1,0,0,0,0,0,0,1,0,1,0,11,"R$ 964,00",751-R$1000,34,137,15,0,11,2,5,2,10,8,0,0,1,0,1,0,0,0,3,11,"R$ 1.139,00","R$ 1.150,00",,,,,,
1070,"R$ 71.691,00",62,60-70,2263,Solteiro,0,0,1,0,0,0,0,0,0,1,0,0,0,"R$ 336,00",251-R$500,130,411,240,32,43,1,4,7,5,2,0,1,0,0,0,0,0,0,3,11,"R$ 1.106,00","R$ 1.149,00",,,,,,
326,"R$ 55.212,00",51,50-60,2742,Casado,0,1,0,0,0,0,0,0,0,1,0,1,65,"R$ 1.103,00",1001-R$1250,0,45,0,0,34,3,4,2,11,8,0,0,2,0,1,0,0,1,3,11,"R$ 1.114,00","R$ 1.148,00",,,,,,
1901,"R$ 55.212,00",51,50-60,2742,Casado,0,1,0,0,0,0,0,0,0,1,0,1,65,"R$ 1.103,00",1001-R$1250,0,45,0,0,34,3,4,2,11,8,0,0,2,0,1,0,0,1,3,11,"R$ 1.114,00","R$ 1.148,00",,,,,,
294,"R$ 77.457,00",73,70-80,2275,Solteiro,0,0,1,0,0,0,0,1,0,0,0,0,85,"R$ 675,00",501-R$750,11,400,15,45,11,1,2,5,10,1,0,0,1,0,0,1,0,0,3,11,"R$ 1.135,00","R$ 1.146,00",,,,,,
784,"R$ 82.716,00",76,70-80,2395,Solteiro,0,0,1,0,0,0,0,0,0,1,0,0,8,"R$ 606,00",501-R$750,148,228,15,148,22,1,6,8,13,2,0,0,0,0,0,0,0,0,3,11,"R$ 1.123,00","R$ 1.145,00",,,,,,
202,"R$ 70.951,00",35,30-40,2580,Casado,0,1,0,0,0,0,0,1,0,0,0,0,66,"R$ 239,00",0-R$250,10,554,254,87,54,1,3,4,9,1,0,0,0,0,0,0,0,0,3,11,"R$ 1.090,00","R$ 1.144,00",,,,,,
1041,"R$ 62.845,00",71,70-80,2795,Casado,0,1,0,0,0,0,0,0,1,0,1,1,3,"R$ 1.099,00",1001-R$1250,0,45,0,0,34,11,3,4,10,8,0,0,1,0,1,0,0,0,3,11,"R$ 1.110,00","R$ 1.144,00",,,,,,
1322,"R$ 62.845,00",71,70-80,2795,Casado,0,1,0,0,0,0,0,0,1,0,1,1,3,"R$ 1.099,00",1001-R$1250,0,45,0,0,34,11,3,4,10,8,0,1,1,0,1,0,0,0,3,11,"R$ 1.110,00","R$ 1.144,00",,,,,,
1288,"R$ 65.169,00",38,30-40,2325,Casado,0,1,0,0,0,0,0,1,0,0,0,0,23,"R$ 1.074,00",1001-R$1250,0,69,0,0,46,1,10,4,13,6,0,1,4,1,0,1,1,1,3,11,"R$ 1.097,00","R$ 1.143,00",,,,,,
827,"R$ 61.618,00",29,20-30,2797,Solteiro,0,0,1,0,0,1,0,0,0,0,0,0,27,"R$ 605,00",501-R$750,91,399,0,45,205,2,3,6,8,3,0,0,0,0,0,0,0,0,3,11,"R$ 935,00","R$ 1.140,00",,,,,,
1091,"R$ 76.773,00",66,60-70,2648,Divorciado,1,0,0,0,0,0,0,1,0,0,0,0,79,"R$ 516,00",501-R$750,56,449,86,33,16,1,2,2,11,1,0,0,0,0,0,0,0,0,3,11,"R$ 1.124,00","R$ 1.140,00",,,,,,
317,"R$ 66.334,00",64,60-70,2611,Casado,0,1,0,0,0,0,0,0,0,1,0,1,82,"R$ 909,00",751-R$1000,11,218,0,0,23,2,9,3,5,5,0,1,0,0,0,0,0,0,3,11,"R$ 1.115,00","R$ 1.138,00",,,,,,
1704,"R$ 71.107,00",69,60-70,2656,Casado,0,1,0,0,0,0,0,1,0,0,0,1,61,"R$ 533,00",501-R$750,10,217,198,174,195,2,7,6,13,4,0,0,0,0,0,0,0,0,3,11,"R$ 937,00","R$ 1.132,00",,,,,,
411,"R$ 75.433,00",31,30-40,2244,Casado,0,1,0,0,0,0,0,1,0,0,1,0,28,"R$ 800,00",751-R$1000,0,297,0,34,57,2,2,5,10,6,0,0,2,0,1,0,1,0,3,11,"R$ 1.074,00","R$ 1.131,00",,,,,,
1460,"R$ 75.484,00",44,40-50,2855,Juntos,0,0,0,1,0,1,0,0,0,0,0,1,50,"R$ 378,00",251-R$500,97,259,197,194,34,2,7,3,6,4,0,0,0,0,0,0,0,0,3,11,"R$ 1.091,00","R$ 1.125,00",,,,,,
1763,"R$ 60.839,00",41,40-50,2829,Juntos,0,0,0,1,0,1,0,0,0,0,1,1,72,"R$ 600,00",501-R$750,21,128,223,150,128,13,2,2,12,8,0,0,0,0,0,0,0,0,3,11,"R$ 994,00","R$ 1.122,00",,,,,,
241,"R$ 75.702,00",53,50-60,2828,Juntos,0,0,0,1,0,0,0,1,0,0,1,1,77,"R$ 650,00",501-R$750,28,353,45,42,30,5,4,6,11,8,0,0,0,0,0,0,0,0,3,11,"R$ 1.088,00","R$ 1.118,00",,,,,,
1331,"R$ 70.515,00",27,20-30,2410,Solteiro,0,0,1,0,0,0,0,1,0,0,0,0,12,"R$ 420,00",251-R$500,0,452,182,64,140,1,6,6,4,2,0,1,0,0,0,0,0,0,3,11,"R$ 978,00","R$ 1.118,00",,,,,,
2174,"R$ 61.014,00",40,30-40,2846,Casado,0,1,0,0,0,0,0,1,0,0,0,1,17,"R$ 269,00",251-R$500,129,495,182,43,29,4,9,3,4,7,0,0,0,0,0,0,0,0,3,11,"R$ 1.089,00","R$ 1.118,00",,,,,,
1316,"R$ 71.853,00",38,30-40,2576,Juntos,0,0,0,1,0,0,0,1,0,0,0,0,29,"R$ 358,00",251-R$500,108,413,141,97,32,1,2,8,6,1,0,0,0,0,0,0,0,0,3,11,"R$ 1.085,00","R$ 1.117,00",,,,,,
1742,"R$ 71.853,00",38,30-40,2576,Juntos,0,0,0,1,0,0,0,1,0,0,0,0,29,"R$ 358,00",251-R$500,108,413,141,97,32,1,2,8,6,1,0,0,0,0,0,0,0,0,3,11,"R$ 1.085,00","R$ 1.117,00",,,,,,
1942,"R$ 77.226,00",57,50-60,2280,Juntos,0,0,0,1,0,0,0,1,0,0,0,1,29,"R$ 631,00",501-R$750,43,239,128,76,21,2,6,8,12,3,0,0,0,0,0,0,0,0,3,11,"R$ 1.096,00","R$ 1.117,00",,,,,,
515,"R$ 72.679,00",51,50-60,2443,Solteiro,0,0,1,0,0,0,0,1,0,0,0,1,65,"R$ 619,00",501-R$750,54,260,127,54,54,1,4,7,5,1,0,0,0,0,0,0,0,0,3,11,"R$ 1.060,00","R$ 1.114,00",,,,,,
1424,"R$ 70.038,00",38,30-40,2406,Juntos,0,0,0,1,0,0,0,0,0,1,0,0,54,"R$ 587,00",501-R$750,54,348,71,54,130,1,4,4,8,2,0,0,0,0,0,0,0,0,3,11,"R$ 984,00","R$ 1.114,00",,,,,,
2035,"R$ 70.038,00",38,30-40,2406,Juntos,0,0,0,1,0,0,0,0,0,1,0,0,54,"R$ 587,00",501-R$750,54,348,71,54,130,1,4,4,8,2,0,0,0,0,0,0,0,0,3,11,"R$ 984,00","R$ 1.114,00",,,,,,
1028,"R$ 77.037,00",60,50-60,2418,Casado,0,1,0,0,0,0,0,0,0,1,0,1,3,"R$ 463,00",251-R$500,96,333,168,53,10,1,7,7,12,3,0,0,0,0,0,0,0,0,3,11,"R$ 1.103,00","R$ 1.113,00",,,,,,
1582,"R$ 71.855,00",43,40-50,2688,Casado,0,1,0,0,0,0,0,1,0,0,0,1,59,"R$ 548,00",501-R$750,31,422,0,112,28,4,5,5,11,3,0,0,0,0,0,0,0,0,3,11,"R$ 1.085,00","R$ 1.113,00",,,,,,
1748,"R$ 85.431,00",68,60-70,2545,Juntos,0,0,0,1,0,0,0,0,0,1,0,0,54,"R$ 376,00",251-R$500,53,462,168,53,53,1,2,7,7,0,0,0,0,0,0,0,0,0,3,11,"R$ 1.059,00","R$ 1.112,00",,,,,,
1262,"R$ 49.118,00",49,40-50,2839,Divorciado,1,0,0,0,0,1,0,0,0,0,0,0,90,"R$ 620,00",501-R$750,54,239,99,98,119,2,9,7,10,7,0,1,2,0,1,0,0,1,3,11,"R$ 991,00","R$ 1.110,00",,,,,,
622,"R$ 73.691,00",49,40-50,2394,Casado,0,1,0,0,0,0,0,1,0,0,0,1,58,"R$ 707,00",501-R$750,21,250,85,43,73,2,6,2,8,2,0,0,1,1,0,0,0,0,3,11,"R$ 1.033,00","R$ 1.106,00",,,,,,
1427,"R$ 77.343,00",55,50-60,2179,Casado,0,1,0,0,0,0,0,1,0,0,0,0,28,"R$ 227,00",0-R$250,151,573,98,54,31,1,3,4,9,1,0,0,0,0,0,0,0,0,3,11,"R$ 1.072,00","R$ 1.103,00",,,,,,
489,"R$ 53.653,00",67,60-70,2758,Viúvo,0,0,0,0,1,0,0,1,0,0,0,0,29,"R$ 815,00",751-R$1000,10,239,28,10,108,2,10,4,12,6,0,0,0,0,0,0,0,0,3,11,"R$ 994,00","R$ 1.102,00",,,,,,
911,"R$ 79.632,00",46,40-50,2241,Juntos,0,0,0,1,0,0,0,0,0,1,0,0,42,"R$ 471,00",251-R$500,0,510,99,21,12,1,6,4,9,2,0,0,0,0,0,0,0,0,3,11,"R$ 1.089,00","R$ 1.101,00",,,,,,
1999,"R$ 71.322,00",55,50-60,2657,Casado,0,1,0,0,0,0,0,0,0,1,0,1,57,"R$ 753,00",751-R$1000,43,226,69,10,204,2,8,5,13,4,0,0,0,0,0,0,0,0,3,11,"R$ 897,00","R$ 1.101,00",,,,,,
1309,"R$ 71.604,00",75,70-80,2383,Juntos,0,0,0,1,0,0,0,0,0,1,0,0,3,"R$ 345,00",251-R$500,53,528,98,75,97,1,8,3,5,4,0,1,1,1,0,0,0,0,3,11,"R$ 1.002,00","R$ 1.099,00",,,,,,